2026-07-25 22:45:40,598 - INFO - parse_steam - 🚀 Начинаю парсинг Steam API
2026-07-25 22:45:40,599 - INFO - parse_steam - 📡 Отправляю запрос к SteamSpy API: https://steamspy.com/api.php?request=top100in2weeks
2026-07-25 22:45:40,883 - INFO - parse_steam - ✅ Получено 100 игр от API
2026-07-25 22:45:40,886 - INFO - parse_steam - 🎮 Сохранена игра: Counter-Strike: Global Offensive (ID: 730)
2026-07-25 22:45:40,887 - INFO - parse_steam - 🎮 Сохранена игра: Apex Legends (ID: 1172470)
2026-07-25 22:45:40,888 - INFO - parse_steam - 🎮 Сохранена игра: PUBG: BATTLEGROUNDS (ID: 578080)
2026-07-25 22:45:40,888 - INFO - parse_steam - 🎮 Сохранена игра: Palworld (ID: 1623730)
2026-07-25 22:45:40,889 - INFO - parse_steam - 🎮 Сохранена игра: Team Fortress 2 (ID: 440)
2026-07-25 22:45:40,890 - INFO - parse_steam - 🎮 Сохранена игра: Call of Duty: Modern Warfare II (ID: 1938090)
2026-07-25 22:45:40,890 - INFO - parse_steam - 🎮 Сохранена игра: New World: Aeternum (ID: 1063730)
2026-07-25 22:45:40,891 - INFO - parse_steam - 🎮 Сохранена игра: Black Myth: Wukong (ID: 2358720)
2026-07-25 22:45:40,892 - INFO - parse_steam - 🎮 Сохранена игра: Grand Theft Auto V Legacy (ID: 271590)
2026-07-25 22:45:40,893 - INFO - parse_steam - 🎮 Сохранена игра: Left 4 Dead 2 (ID: 550)
2026-07-25 22:45:40,894 - INFO - parse_steam - 🎮 Сохранена игра: Unturned (ID: 304930)
2026-07-25 22:45:40,895 - INFO - parse_steam - 🎮 Сохранена игра: Lost Ark (ID: 1599340)
2026-07-25 22:45:40,895 - INFO - parse_steam - 🎮 Сохранена игра: War Thunder (ID: 236390)
2026-07-25 22:45:40,896 - INFO - parse_steam - 🎮 Сохранена игра: Monster Hunter Wilds (ID: 2246340)
2026-07-25 22:45:40,897 - INFO - parse_steam - 🎮 Сохранена игра: HELLDIVERS 2 (ID: 553850)
2026-07-25 22:45:40,898 - INFO - parse_steam - 🎮 Сохранена игра: Warframe (ID: 230410)
2026-07-25 22:45:40,899 - INFO - parse_steam - 🎮 Сохранена игра: ELDEN RING (ID: 1245620)
2026-07-25 22:45:40,900 - INFO - parse_steam - 🎮 Сохранена игра: Terraria (ID: 105600)
2026-07-25 22:45:40,901 - INFO - parse_steam - 🎮 Сохранена игра: Path of Exile 2 (ID: 2694490)
2026-07-25 22:45:40,902 - INFO - parse_steam - 🎮 Сохранена игра: Wallpaper Engine (ID: 431960)
2026-07-25 22:45:40,904 - INFO - parse_steam - 🎮 Сохранена игра: Baldur's Gate 3 (ID: 1086940)
2026-07-25 22:45:40,905 - INFO - parse_steam - 🎮 Сохранена игра: Brawlhalla (ID: 291550)
2026-07-25 22:45:40,905 - INFO - parse_steam - 🎮 Сохранена игра: Garry's Mod (ID: 4000)
2026-07-25 22:45:40,906 - INFO - parse_steam - 🎮 Сохранена игра: Destiny 2 (ID: 1085660)
2026-07-25 22:45:40,907 - INFO - parse_steam - 🎮 Сохранена игра: Tom Clancy's Rainbow Six Siege (ID: 359550)
2026-07-25 22:45:40,908 - INFO - parse_steam - 🎮 Сохранена игра: Rust (ID: 252490)
2026-07-25 22:45:40,908 - INFO - parse_steam - 🎮 Сохранена игра: World of Warships (ID: 552990)
2026-07-25 22:45:40,909 - INFO - parse_steam - 🎮 Сохранена игра: ARK: Survival Evolved (ID: 346110)
2026-07-25 22:45:40,910 - INFO - parse_steam - 🎮 Сохранена игра: Stardew Valley (ID: 413150)
2026-07-25 22:45:40,911 - INFO - parse_steam - 🎮 Сохранена игра: The Forest (ID: 242760)
2026-07-25 22:45:40,912 - INFO - parse_steam - 🎮 Сохранена игра: War Robots: Frontiers (ID: 1491000)
2026-07-25 22:45:40,912 - INFO - parse_steam - 🎮 Сохранена игра: Path of Exile (ID: 238960)
2026-07-25 22:45:40,913 - INFO - parse_steam - 🎮 Сохранена игра: PAYDAY 2 (ID: 218620)
2026-07-25 22:45:40,914 - INFO - parse_steam - 🎮 Сохранена игра: Warface: Clutch (ID: 291480)
2026-07-25 22:45:40,915 - INFO - parse_steam - 🎮 Сохранена игра: Grand Theft Auto IV: Complete Edition (ID: 901583)
2026-07-25 22:45:40,915 - INFO - parse_steam - 🎮 Сохранена игра: Last Epoch (ID: 899770)
2026-07-25 22:45:40,916 - INFO - parse_steam - 🎮 Сохранена игра: Half-Life 2: Lost Coast (ID: 340)
2026-07-25 22:45:40,917 - INFO - parse_steam - 🎮 Сохранена игра: Cyberpunk 2077 (ID: 1091500)
2026-07-25 22:45:40,917 - INFO - parse_steam - 🎮 Сохранена игра: Dead by Daylight (ID: 381210)
2026-07-25 22:45:40,919 - INFO - parse_steam - 🎮 Сохранена игра: Hogwarts Legacy (ID: 990080)
2026-07-25 22:45:40,920 - INFO - parse_steam - 🎮 Сохранена игра: VRChat (ID: 438100)
2026-07-25 22:45:40,921 - INFO - parse_steam - 🎮 Сохранена игра: The Witcher 3: Wild Hunt (ID: 292030)
2026-07-25 22:45:40,922 - INFO - parse_steam - 🎮 Сохранена игра: Among Us (ID: 945360)
2026-07-25 22:45:40,923 - INFO - parse_steam - 🎮 Сохранена игра: Fall Guys: Ultimate Knockout (ID: 1097150)
2026-07-25 22:45:40,924 - INFO - parse_steam - 🎮 Сохранена игра: Borderlands 2 (ID: 49520)
2026-07-25 22:45:40,925 - INFO - parse_steam - 🎮 Сохранена игра: Euro Truck Simulator 2 (ID: 227300)
2026-07-25 22:45:40,926 - INFO - parse_steam - 🎮 Сохранена игра: Valheim (ID: 892970)
2026-07-25 22:45:40,927 - INFO - parse_steam - 🎮 Сохранена игра: Phasmophobia (ID: 739630)
2026-07-25 22:45:40,928 - INFO - parse_steam - 🎮 Сохранена игра: Paladins (ID: 444090)
2026-07-25 22:45:40,929 - INFO - parse_steam - 🎮 Сохранена игра: NARAKA: BLADEPOINT (ID: 1203220)
2026-07-25 22:45:40,930 - INFO - parse_steam - 🎮 Сохранена игра: Half-Life 2: Deathmatch (ID: 320)
2026-07-25 22:45:40,931 - INFO - parse_steam - 🎮 Сохранена игра: Half-Life (ID: 70)
2026-07-25 22:45:40,932 - INFO - parse_steam - 🎮 Сохранена игра: Monster Hunter: World (ID: 582010)
2026-07-25 22:45:40,933 - INFO - parse_steam - 🎮 Сохранена игра: Heroes & Generals (ID: 227940)
2026-07-25 22:45:40,934 - INFO - parse_steam - 🎮 Сохранена игра: Rocket League (ID: 252950)
2026-07-25 22:45:40,935 - INFO - parse_steam - 🎮 Сохранена игра: Project Zomboid (ID: 108600)
2026-07-25 22:45:40,936 - INFO - parse_steam - 🎮 Сохранена игра: Lethal Company (ID: 1966720)
2026-07-25 22:45:40,936 - INFO - parse_steam - 🎮 Сохранена игра: Red Dead Redemption 2 (ID: 1174180)
2026-07-25 22:45:40,937 - INFO - parse_steam - 🎮 Сохранена игра: Battlefield 2042 (ID: 1517290)
2026-07-25 22:45:40,938 - INFO - parse_steam - 🎮 Сохранена игра: Halo Infinite (ID: 1240440)
2026-07-25 22:45:40,939 - INFO - parse_steam - 🎮 Сохранена игра: Raft (ID: 648800)
2026-07-25 22:45:40,939 - INFO - parse_steam - 🎮 Сохранена игра: SMITE (ID: 386360)
2026-07-25 22:45:40,940 - INFO - parse_steam - 🎮 Сохранена игра: World of Tanks Blitz (ID: 444200)
2026-07-25 22:45:40,941 - INFO - parse_steam - 🎮 Сохранена игра: Counter-Strike (ID: 10)
2026-07-25 22:45:40,942 - INFO - parse_steam - 🎮 Сохранена игра: Counter-Strike: Source (ID: 240)
2026-07-25 22:45:40,943 - INFO - parse_steam - 🎮 Сохранена игра: Schedule I (ID: 3164500)
2026-07-25 22:45:40,944 - INFO - parse_steam - 🎮 Сохранена игра: Ring of Elysium (ID: 755790)
2026-07-25 22:45:40,945 - INFO - parse_steam - 🎮 Сохранена игра: Portal (ID: 400)
2026-07-25 22:45:40,946 - INFO - parse_steam - 🎮 Сохранена игра: The Sims 4 (ID: 1222670)
2026-07-25 22:45:40,947 - INFO - parse_steam - 🎮 Сохранена игра: Black Squad (ID: 550650)
2026-07-25 22:45:40,948 - INFO - parse_steam - 🎮 Сохранена игра: Don't Starve Together (ID: 322330)
2026-07-25 22:45:40,949 - INFO - parse_steam - 🎮 Сохранена игра: Dying Light (ID: 239140)
2026-07-25 22:45:40,950 - INFO - parse_steam - 🎮 Сохранена игра: Human Fall Flat (ID: 477160)
2026-07-25 22:45:40,951 - INFO - parse_steam - 🎮 Сохранена игра: 7 Days to Die (ID: 251570)
2026-07-25 22:45:40,952 - INFO - parse_steam - 🎮 Сохранена игра: Counter-Strike: Condition Zero (ID: 100)
2026-07-25 22:45:40,953 - INFO - parse_steam - 🎮 Сохранена игра: eFootball (ID: 1665460)
2026-07-25 22:45:40,953 - INFO - parse_steam - 🎮 Сохранена игра: Street Warriors Online (ID: 417910)
2026-07-25 22:45:40,954 - INFO - parse_steam - 🎮 Сохранена игра: Z1 Battle Royale (ID: 433850)
2026-07-25 22:45:40,956 - INFO - parse_steam - 🎮 Сохранена игра: Hunt: Showdown 1896 (ID: 594650)
2026-07-25 22:45:40,956 - INFO - parse_steam - 🎮 Сохранена игра: Sekiro: Shadows Die Twice - GOTY Edition (ID: 814380)
2026-07-25 22:45:40,957 - INFO - parse_steam - 🎮 Сохранена игра: CyberCorp (ID: 1116170)
2026-07-25 22:45:40,958 - INFO - parse_steam - 🎮 Сохранена игра: Half-Life 2 (ID: 220)
2026-07-25 22:45:40,958 - INFO - parse_steam - 🎮 Сохранена игра: Arma 3 (ID: 107410)
2026-07-25 22:45:40,959 - INFO - parse_steam - 🎮 Сохранена игра: Sons Of The Forest (ID: 1326470)
2026-07-25 22:45:40,960 - INFO - parse_steam - 🎮 Сохранена игра: Grim Dawn (ID: 219990)
2026-07-25 22:45:40,961 - INFO - parse_steam - 🎮 Сохранена игра: Cities: Skylines (ID: 255710)
2026-07-25 22:45:40,962 - INFO - parse_steam - 🎮 Сохранена игра: Mount & Blade II: Bannerlord (ID: 261550)
2026-07-25 22:45:40,963 - INFO - parse_steam - 🎮 Сохранена игра: Sid Meier's Civilization V (ID: 8930)
2026-07-25 22:45:40,964 - INFO - parse_steam - 🎮 Сохранена игра: Trove (ID: 304050)
2026-07-25 22:45:40,964 - INFO - parse_steam - 🎮 Сохранена игра: Sid Meier’s Civilization VI (ID: 289070)
2026-07-25 22:45:40,965 - INFO - parse_steam - 🎮 Сохранена игра: Fallout 4 (ID: 377160)
2026-07-25 22:45:40,966 - INFO - parse_steam - 🎮 Сохранена игра: Life is Strange 2 (ID: 532210)
2026-07-25 22:45:40,967 - INFO - parse_steam - 🎮 Сохранена игра: Warhammer 40,000: Rogue Trader (ID: 2186680)
2026-07-25 22:45:40,968 - INFO - parse_steam - 🎮 Сохранена игра: Battlefield V (ID: 1238810)
2026-07-25 22:45:40,969 - INFO - parse_steam - 🎮 Сохранена игра: R.E.P.O. (ID: 3241660)
2026-07-25 22:45:40,970 - INFO - parse_steam - 🎮 Сохранена игра: DayZ (ID: 221100)
2026-07-25 22:45:40,971 - INFO - parse_steam - 🎮 Сохранена игра: Satisfactory (ID: 526870)
2026-07-25 22:45:40,971 - INFO - parse_steam - 🎮 Сохранена игра: NBA 2K20 (ID: 1089350)
2026-07-25 22:45:40,972 - INFO - parse_steam - 🎮 Сохранена игра: Risk of Rain 2 (ID: 632360)
2026-07-25 22:45:40,973 - INFO - parse_steam - 🎮 Сохранена игра: EA SPORTS FIFA 23 (ID: 1811260)
2026-07-25 22:45:40,974 - INFO - parse_steam - 💾 В базе данных теперь 100 игр
2026-07-25 22:47:16,804 - INFO - autoreload - Watching for file changes with StatReloader
2026-07-25 22:47:38,424 - INFO - views - 📊 Запрошена страница со списком игр. Всего игр: 100
2026-07-25 22:47:38,426 - INFO - views - 📄 Отображена страница 1 из 5
2026-07-25 22:47:38,471 - ERROR - log - Internal Server Error: /
Traceback (most recent call last):
  File "/home/kryakzenpuk/MyPyCharmProjects/steam_tracker/.venv/lib/python3.12/site-packages/django/core/handlers/exception.py", line 55, in inner
    response = get_response(request)
               ^^^^^^^^^^^^^^^^^^^^^
  File "/home/kryakzenpuk/MyPyCharmProjects/steam_tracker/.venv/lib/python3.12/site-packages/django/core/handlers/base.py", line 198, in _get_response
    response = wrapped_callback(request, *callback_args, **callback_kwargs)
               ^^^^^^^^^^^^^^^^^^^^^^^^^^^^^^^^^^^^^^^^^^^^^^^^^^^^^^^^^^^^
  File "/home/kryakzenpuk/MyPyCharmProjects/steam_tracker/tracker/views.py", line 36, in game_list
    return render(request, "tracker/game_list.html", context)
           ^^^^^^^^^^^^^^^^^^^^^^^^^^^^^^^^^^^^^^^^^^^^^^^^^^
  File "/home/kryakzenpuk/MyPyCharmProjects/steam_tracker/.venv/lib/python3.12/site-packages/django/shortcuts.py", line 25, in render
    content = loader.render_to_string(template_name, context, request, using=using)
              ^^^^^^^^^^^^^^^^^^^^^^^^^^^^^^^^^^^^^^^^^^^^^^^^^^^^^^^^^^^^^^^^^^^^^
  File "/home/kryakzenpuk/MyPyCharmProjects/steam_tracker/.venv/lib/python3.12/site-packages/django/template/loader.py", line 62, in render_to_string
    return template.render(context, request)
           ^^^^^^^^^^^^^^^^^^^^^^^^^^^^^^^^^
  File "/home/kryakzenpuk/MyPyCharmProjects/steam_tracker/.venv/lib/python3.12/site-packages/django/template/backends/django.py", line 107, in render
    return self.template.render(context)
           ^^^^^^^^^^^^^^^^^^^^^^^^^^^^^
  File "/home/kryakzenpuk/MyPyCharmProjects/steam_tracker/.venv/lib/python3.12/site-packages/django/template/base.py", line 174, in render
    return self._render(context)
           ^^^^^^^^^^^^^^^^^^^^^
  File "/home/kryakzenpuk/MyPyCharmProjects/steam_tracker/.venv/lib/python3.12/site-packages/django/template/base.py", line 166, in _render
    return self.nodelist.render(context)
           ^^^^^^^^^^^^^^^^^^^^^^^^^^^^^
  File "/home/kryakzenpuk/MyPyCharmProjects/steam_tracker/.venv/lib/python3.12/site-packages/django/template/base.py", line 1091, in render
    return SafeString("".join([node.render_annotated(context) for node in self]))
                               ^^^^^^^^^^^^^^^^^^^^^^^^^^^^^^
  File "/home/kryakzenpuk/MyPyCharmProjects/steam_tracker/.venv/lib/python3.12/site-packages/django/template/base.py", line 1052, in render_annotated
    return self.render(context)
           ^^^^^^^^^^^^^^^^^^^^
  File "/home/kryakzenpuk/MyPyCharmProjects/steam_tracker/.venv/lib/python3.12/site-packages/django/template/defaulttags.py", line 511, in render
    url = reverse(view_name, args=args, kwargs=kwargs, current_app=current_app)
          ^^^^^^^^^^^^^^^^^^^^^^^^^^^^^^^^^^^^^^^^^^^^^^^^^^^^^^^^^^^^^^^^^^^^^
  File "/home/kryakzenpuk/MyPyCharmProjects/steam_tracker/.venv/lib/python3.12/site-packages/django/urls/base.py", line 98, in reverse
    resolved_url = resolver._reverse_with_prefix(view, prefix, *args, **kwargs)
                   ^^^^^^^^^^^^^^^^^^^^^^^^^^^^^^^^^^^^^^^^^^^^^^^^^^^^^^^^^^^^
  File "/home/kryakzenpuk/MyPyCharmProjects/steam_tracker/.venv/lib/python3.12/site-packages/django/urls/resolvers.py", line 842, in _reverse_with_prefix
    raise NoReverseMatch(msg)
django.urls.exceptions.NoReverseMatch: Reverse for 'parse_games' not found. 'parse_games' is not a valid view function or pattern name.
2026-07-25 22:47:38,473 - ERROR - log - "GET / HTTP/1.1" 500 123445
2026-07-25 22:47:38,558 - WARNING - log - Not Found: /favicon.ico
2026-07-25 22:47:38,558 - WARNING - log - "GET /favicon.ico HTTP/1.1" 404 2459
2026-07-25 22:48:09,239 - WARNING - log - Not Found: /game_list
2026-07-25 22:48:09,239 - WARNING - log - "GET /game_list HTTP/1.1" 404 2453
2026-07-25 22:50:07,690 - INFO - views - 📊 Запрошена страница со списком игр. Всего игр: 100
2026-07-25 22:50:07,692 - INFO - views - 📄 Отображена страница 1 из 5
2026-07-25 22:50:07,722 - ERROR - log - Internal Server Error: /
Traceback (most recent call last):
  File "/home/kryakzenpuk/MyPyCharmProjects/steam_tracker/.venv/lib/python3.12/site-packages/django/core/handlers/exception.py", line 55, in inner
    response = get_response(request)
               ^^^^^^^^^^^^^^^^^^^^^
  File "/home/kryakzenpuk/MyPyCharmProjects/steam_tracker/.venv/lib/python3.12/site-packages/django/core/handlers/base.py", line 198, in _get_response
    response = wrapped_callback(request, *callback_args, **callback_kwargs)
               ^^^^^^^^^^^^^^^^^^^^^^^^^^^^^^^^^^^^^^^^^^^^^^^^^^^^^^^^^^^^
  File "/home/kryakzenpuk/MyPyCharmProjects/steam_tracker/tracker/views.py", line 36, in game_list
    return render(request, "tracker/game_list.html", context)
           ^^^^^^^^^^^^^^^^^^^^^^^^^^^^^^^^^^^^^^^^^^^^^^^^^^
  File "/home/kryakzenpuk/MyPyCharmProjects/steam_tracker/.venv/lib/python3.12/site-packages/django/shortcuts.py", line 25, in render
    content = loader.render_to_string(template_name, context, request, using=using)
              ^^^^^^^^^^^^^^^^^^^^^^^^^^^^^^^^^^^^^^^^^^^^^^^^^^^^^^^^^^^^^^^^^^^^^
  File "/home/kryakzenpuk/MyPyCharmProjects/steam_tracker/.venv/lib/python3.12/site-packages/django/template/loader.py", line 62, in render_to_string
    return template.render(context, request)
           ^^^^^^^^^^^^^^^^^^^^^^^^^^^^^^^^^
  File "/home/kryakzenpuk/MyPyCharmProjects/steam_tracker/.venv/lib/python3.12/site-packages/django/template/backends/django.py", line 107, in render
    return self.template.render(context)
           ^^^^^^^^^^^^^^^^^^^^^^^^^^^^^
  File "/home/kryakzenpuk/MyPyCharmProjects/steam_tracker/.venv/lib/python3.12/site-packages/django/template/base.py", line 174, in render
    return self._render(context)
           ^^^^^^^^^^^^^^^^^^^^^
  File "/home/kryakzenpuk/MyPyCharmProjects/steam_tracker/.venv/lib/python3.12/site-packages/django/template/base.py", line 166, in _render
    return self.nodelist.render(context)
           ^^^^^^^^^^^^^^^^^^^^^^^^^^^^^
  File "/home/kryakzenpuk/MyPyCharmProjects/steam_tracker/.venv/lib/python3.12/site-packages/django/template/base.py", line 1091, in render
    return SafeString("".join([node.render_annotated(context) for node in self]))
                               ^^^^^^^^^^^^^^^^^^^^^^^^^^^^^^
  File "/home/kryakzenpuk/MyPyCharmProjects/steam_tracker/.venv/lib/python3.12/site-packages/django/template/base.py", line 1052, in render_annotated
    return self.render(context)
           ^^^^^^^^^^^^^^^^^^^^
  File "/home/kryakzenpuk/MyPyCharmProjects/steam_tracker/.venv/lib/python3.12/site-packages/django/template/defaulttags.py", line 511, in render
    url = reverse(view_name, args=args, kwargs=kwargs, current_app=current_app)
          ^^^^^^^^^^^^^^^^^^^^^^^^^^^^^^^^^^^^^^^^^^^^^^^^^^^^^^^^^^^^^^^^^^^^^
  File "/home/kryakzenpuk/MyPyCharmProjects/steam_tracker/.venv/lib/python3.12/site-packages/django/urls/base.py", line 98, in reverse
    resolved_url = resolver._reverse_with_prefix(view, prefix, *args, **kwargs)
                   ^^^^^^^^^^^^^^^^^^^^^^^^^^^^^^^^^^^^^^^^^^^^^^^^^^^^^^^^^^^^
  File "/home/kryakzenpuk/MyPyCharmProjects/steam_tracker/.venv/lib/python3.12/site-packages/django/urls/resolvers.py", line 842, in _reverse_with_prefix
    raise NoReverseMatch(msg)
django.urls.exceptions.NoReverseMatch: Reverse for 'parse_games' not found. 'parse_games' is not a valid view function or pattern name.
2026-07-25 22:50:07,723 - ERROR - log - "GET / HTTP/1.1" 500 123445
2026-07-25 22:53:48,163 - INFO - views - 📊 Запрошена страница со списком игр. Всего игр: 100
2026-07-25 22:53:48,166 - INFO - views - 📄 Отображена страница 1 из 5
2026-07-25 22:53:48,202 - ERROR - log - Internal Server Error: /
Traceback (most recent call last):
  File "/home/kryakzenpuk/MyPyCharmProjects/steam_tracker/.venv/lib/python3.12/site-packages/django/core/handlers/exception.py", line 55, in inner
    response = get_response(request)
               ^^^^^^^^^^^^^^^^^^^^^
  File "/home/kryakzenpuk/MyPyCharmProjects/steam_tracker/.venv/lib/python3.12/site-packages/django/core/handlers/base.py", line 198, in _get_response
    response = wrapped_callback(request, *callback_args, **callback_kwargs)
               ^^^^^^^^^^^^^^^^^^^^^^^^^^^^^^^^^^^^^^^^^^^^^^^^^^^^^^^^^^^^
  File "/home/kryakzenpuk/MyPyCharmProjects/steam_tracker/tracker/views.py", line 36, in game_list
    return render(request, "tracker/game_list.html", context)
           ^^^^^^^^^^^^^^^^^^^^^^^^^^^^^^^^^^^^^^^^^^^^^^^^^^
  File "/home/kryakzenpuk/MyPyCharmProjects/steam_tracker/.venv/lib/python3.12/site-packages/django/shortcuts.py", line 25, in render
    content = loader.render_to_string(template_name, context, request, using=using)
              ^^^^^^^^^^^^^^^^^^^^^^^^^^^^^^^^^^^^^^^^^^^^^^^^^^^^^^^^^^^^^^^^^^^^^
  File "/home/kryakzenpuk/MyPyCharmProjects/steam_tracker/.venv/lib/python3.12/site-packages/django/template/loader.py", line 62, in render_to_string
    return template.render(context, request)
           ^^^^^^^^^^^^^^^^^^^^^^^^^^^^^^^^^
  File "/home/kryakzenpuk/MyPyCharmProjects/steam_tracker/.venv/lib/python3.12/site-packages/django/template/backends/django.py", line 107, in render
    return self.template.render(context)
           ^^^^^^^^^^^^^^^^^^^^^^^^^^^^^
  File "/home/kryakzenpuk/MyPyCharmProjects/steam_tracker/.venv/lib/python3.12/site-packages/django/template/base.py", line 174, in render
    return self._render(context)
           ^^^^^^^^^^^^^^^^^^^^^
  File "/home/kryakzenpuk/MyPyCharmProjects/steam_tracker/.venv/lib/python3.12/site-packages/django/template/base.py", line 166, in _render
    return self.nodelist.render(context)
           ^^^^^^^^^^^^^^^^^^^^^^^^^^^^^
  File "/home/kryakzenpuk/MyPyCharmProjects/steam_tracker/.venv/lib/python3.12/site-packages/django/template/base.py", line 1091, in render
    return SafeString("".join([node.render_annotated(context) for node in self]))
                               ^^^^^^^^^^^^^^^^^^^^^^^^^^^^^^
  File "/home/kryakzenpuk/MyPyCharmProjects/steam_tracker/.venv/lib/python3.12/site-packages/django/template/base.py", line 1052, in render_annotated
    return self.render(context)
           ^^^^^^^^^^^^^^^^^^^^
  File "/home/kryakzenpuk/MyPyCharmProjects/steam_tracker/.venv/lib/python3.12/site-packages/django/template/defaulttags.py", line 511, in render
    url = reverse(view_name, args=args, kwargs=kwargs, current_app=current_app)
          ^^^^^^^^^^^^^^^^^^^^^^^^^^^^^^^^^^^^^^^^^^^^^^^^^^^^^^^^^^^^^^^^^^^^^
  File "/home/kryakzenpuk/MyPyCharmProjects/steam_tracker/.venv/lib/python3.12/site-packages/django/urls/base.py", line 98, in reverse
    resolved_url = resolver._reverse_with_prefix(view, prefix, *args, **kwargs)
                   ^^^^^^^^^^^^^^^^^^^^^^^^^^^^^^^^^^^^^^^^^^^^^^^^^^^^^^^^^^^^
  File "/home/kryakzenpuk/MyPyCharmProjects/steam_tracker/.venv/lib/python3.12/site-packages/django/urls/resolvers.py", line 842, in _reverse_with_prefix
    raise NoReverseMatch(msg)
django.urls.exceptions.NoReverseMatch: Reverse for 'parse_games' not found. 'parse_games' is not a valid view function or pattern name.
2026-07-25 22:53:48,204 - ERROR - log - "GET / HTTP/1.1" 500 123632
2026-07-25 22:53:49,093 - INFO - views - 📊 Запрошена страница со списком игр. Всего игр: 100
2026-07-25 22:53:49,095 - INFO - views - 📄 Отображена страница 1 из 5
2026-07-25 22:53:49,127 - ERROR - log - Internal Server Error: /
Traceback (most recent call last):
  File "/home/kryakzenpuk/MyPyCharmProjects/steam_tracker/.venv/lib/python3.12/site-packages/django/core/handlers/exception.py", line 55, in inner
    response = get_response(request)
               ^^^^^^^^^^^^^^^^^^^^^
  File "/home/kryakzenpuk/MyPyCharmProjects/steam_tracker/.venv/lib/python3.12/site-packages/django/core/handlers/base.py", line 198, in _get_response
    response = wrapped_callback(request, *callback_args, **callback_kwargs)
               ^^^^^^^^^^^^^^^^^^^^^^^^^^^^^^^^^^^^^^^^^^^^^^^^^^^^^^^^^^^^
  File "/home/kryakzenpuk/MyPyCharmProjects/steam_tracker/tracker/views.py", line 36, in game_list
    return render(request, "tracker/game_list.html", context)
           ^^^^^^^^^^^^^^^^^^^^^^^^^^^^^^^^^^^^^^^^^^^^^^^^^^
  File "/home/kryakzenpuk/MyPyCharmProjects/steam_tracker/.venv/lib/python3.12/site-packages/django/shortcuts.py", line 25, in render
    content = loader.render_to_string(template_name, context, request, using=using)
              ^^^^^^^^^^^^^^^^^^^^^^^^^^^^^^^^^^^^^^^^^^^^^^^^^^^^^^^^^^^^^^^^^^^^^
  File "/home/kryakzenpuk/MyPyCharmProjects/steam_tracker/.venv/lib/python3.12/site-packages/django/template/loader.py", line 62, in render_to_string
    return template.render(context, request)
           ^^^^^^^^^^^^^^^^^^^^^^^^^^^^^^^^^
  File "/home/kryakzenpuk/MyPyCharmProjects/steam_tracker/.venv/lib/python3.12/site-packages/django/template/backends/django.py", line 107, in render
    return self.template.render(context)
           ^^^^^^^^^^^^^^^^^^^^^^^^^^^^^
  File "/home/kryakzenpuk/MyPyCharmProjects/steam_tracker/.venv/lib/python3.12/site-packages/django/template/base.py", line 174, in render
    return self._render(context)
           ^^^^^^^^^^^^^^^^^^^^^
  File "/home/kryakzenpuk/MyPyCharmProjects/steam_tracker/.venv/lib/python3.12/site-packages/django/template/base.py", line 166, in _render
    return self.nodelist.render(context)
           ^^^^^^^^^^^^^^^^^^^^^^^^^^^^^
  File "/home/kryakzenpuk/MyPyCharmProjects/steam_tracker/.venv/lib/python3.12/site-packages/django/template/base.py", line 1091, in render
    return SafeString("".join([node.render_annotated(context) for node in self]))
                               ^^^^^^^^^^^^^^^^^^^^^^^^^^^^^^
  File "/home/kryakzenpuk/MyPyCharmProjects/steam_tracker/.venv/lib/python3.12/site-packages/django/template/base.py", line 1052, in render_annotated
    return self.render(context)
           ^^^^^^^^^^^^^^^^^^^^
  File "/home/kryakzenpuk/MyPyCharmProjects/steam_tracker/.venv/lib/python3.12/site-packages/django/template/defaulttags.py", line 511, in render
    url = reverse(view_name, args=args, kwargs=kwargs, current_app=current_app)
          ^^^^^^^^^^^^^^^^^^^^^^^^^^^^^^^^^^^^^^^^^^^^^^^^^^^^^^^^^^^^^^^^^^^^^
  File "/home/kryakzenpuk/MyPyCharmProjects/steam_tracker/.venv/lib/python3.12/site-packages/django/urls/base.py", line 98, in reverse
    resolved_url = resolver._reverse_with_prefix(view, prefix, *args, **kwargs)
                   ^^^^^^^^^^^^^^^^^^^^^^^^^^^^^^^^^^^^^^^^^^^^^^^^^^^^^^^^^^^^
  File "/home/kryakzenpuk/MyPyCharmProjects/steam_tracker/.venv/lib/python3.12/site-packages/django/urls/resolvers.py", line 842, in _reverse_with_prefix
    raise NoReverseMatch(msg)
django.urls.exceptions.NoReverseMatch: Reverse for 'parse_games' not found. 'parse_games' is not a valid view function or pattern name.
2026-07-25 22:53:49,128 - ERROR - log - "GET / HTTP/1.1" 500 123632
2026-07-25 22:54:04,987 - INFO - autoreload - Watching for file changes with StatReloader
2026-07-25 22:54:24,981 - INFO - views - 📊 Запрошена страница со списком игр. Всего игр: 100
2026-07-25 22:54:24,983 - INFO - views - 📄 Отображена страница 1 из 5
2026-07-25 22:54:25,026 - ERROR - log - Internal Server Error: /
Traceback (most recent call last):
  File "/home/kryakzenpuk/MyPyCharmProjects/steam_tracker/.venv/lib/python3.12/site-packages/django/core/handlers/exception.py", line 55, in inner
    response = get_response(request)
               ^^^^^^^^^^^^^^^^^^^^^
  File "/home/kryakzenpuk/MyPyCharmProjects/steam_tracker/.venv/lib/python3.12/site-packages/django/core/handlers/base.py", line 198, in _get_response
    response = wrapped_callback(request, *callback_args, **callback_kwargs)
               ^^^^^^^^^^^^^^^^^^^^^^^^^^^^^^^^^^^^^^^^^^^^^^^^^^^^^^^^^^^^
  File "/home/kryakzenpuk/MyPyCharmProjects/steam_tracker/tracker/views.py", line 36, in game_list
    return render(request, "tracker/game_list.html", context)
           ^^^^^^^^^^^^^^^^^^^^^^^^^^^^^^^^^^^^^^^^^^^^^^^^^^
  File "/home/kryakzenpuk/MyPyCharmProjects/steam_tracker/.venv/lib/python3.12/site-packages/django/shortcuts.py", line 25, in render
    content = loader.render_to_string(template_name, context, request, using=using)
              ^^^^^^^^^^^^^^^^^^^^^^^^^^^^^^^^^^^^^^^^^^^^^^^^^^^^^^^^^^^^^^^^^^^^^
  File "/home/kryakzenpuk/MyPyCharmProjects/steam_tracker/.venv/lib/python3.12/site-packages/django/template/loader.py", line 62, in render_to_string
    return template.render(context, request)
           ^^^^^^^^^^^^^^^^^^^^^^^^^^^^^^^^^
  File "/home/kryakzenpuk/MyPyCharmProjects/steam_tracker/.venv/lib/python3.12/site-packages/django/template/backends/django.py", line 107, in render
    return self.template.render(context)
           ^^^^^^^^^^^^^^^^^^^^^^^^^^^^^
  File "/home/kryakzenpuk/MyPyCharmProjects/steam_tracker/.venv/lib/python3.12/site-packages/django/template/base.py", line 174, in render
    return self._render(context)
           ^^^^^^^^^^^^^^^^^^^^^
  File "/home/kryakzenpuk/MyPyCharmProjects/steam_tracker/.venv/lib/python3.12/site-packages/django/template/base.py", line 166, in _render
    return self.nodelist.render(context)
           ^^^^^^^^^^^^^^^^^^^^^^^^^^^^^
  File "/home/kryakzenpuk/MyPyCharmProjects/steam_tracker/.venv/lib/python3.12/site-packages/django/template/base.py", line 1091, in render
    return SafeString("".join([node.render_annotated(context) for node in self]))
                               ^^^^^^^^^^^^^^^^^^^^^^^^^^^^^^
  File "/home/kryakzenpuk/MyPyCharmProjects/steam_tracker/.venv/lib/python3.12/site-packages/django/template/base.py", line 1052, in render_annotated
    return self.render(context)
           ^^^^^^^^^^^^^^^^^^^^
  File "/home/kryakzenpuk/MyPyCharmProjects/steam_tracker/.venv/lib/python3.12/site-packages/django/template/defaulttags.py", line 511, in render
    url = reverse(view_name, args=args, kwargs=kwargs, current_app=current_app)
          ^^^^^^^^^^^^^^^^^^^^^^^^^^^^^^^^^^^^^^^^^^^^^^^^^^^^^^^^^^^^^^^^^^^^^
  File "/home/kryakzenpuk/MyPyCharmProjects/steam_tracker/.venv/lib/python3.12/site-packages/django/urls/base.py", line 98, in reverse
    resolved_url = resolver._reverse_with_prefix(view, prefix, *args, **kwargs)
                   ^^^^^^^^^^^^^^^^^^^^^^^^^^^^^^^^^^^^^^^^^^^^^^^^^^^^^^^^^^^^
  File "/home/kryakzenpuk/MyPyCharmProjects/steam_tracker/.venv/lib/python3.12/site-packages/django/urls/resolvers.py", line 842, in _reverse_with_prefix
    raise NoReverseMatch(msg)
django.urls.exceptions.NoReverseMatch: Reverse for 'parse_games' not found. 'parse_games' is not a valid view function or pattern name.
2026-07-25 22:54:25,029 - ERROR - log - "GET / HTTP/1.1" 500 123632
2026-07-25 22:54:25,747 - INFO - views - 📊 Запрошена страница со списком игр. Всего игр: 100
2026-07-25 22:54:25,749 - INFO - views - 📄 Отображена страница 1 из 5
2026-07-25 22:54:25,782 - ERROR - log - Internal Server Error: /
Traceback (most recent call last):
  File "/home/kryakzenpuk/MyPyCharmProjects/steam_tracker/.venv/lib/python3.12/site-packages/django/core/handlers/exception.py", line 55, in inner
    response = get_response(request)
               ^^^^^^^^^^^^^^^^^^^^^
  File "/home/kryakzenpuk/MyPyCharmProjects/steam_tracker/.venv/lib/python3.12/site-packages/django/core/handlers/base.py", line 198, in _get_response
    response = wrapped_callback(request, *callback_args, **callback_kwargs)
               ^^^^^^^^^^^^^^^^^^^^^^^^^^^^^^^^^^^^^^^^^^^^^^^^^^^^^^^^^^^^
  File "/home/kryakzenpuk/MyPyCharmProjects/steam_tracker/tracker/views.py", line 36, in game_list
    return render(request, "tracker/game_list.html", context)
           ^^^^^^^^^^^^^^^^^^^^^^^^^^^^^^^^^^^^^^^^^^^^^^^^^^
  File "/home/kryakzenpuk/MyPyCharmProjects/steam_tracker/.venv/lib/python3.12/site-packages/django/shortcuts.py", line 25, in render
    content = loader.render_to_string(template_name, context, request, using=using)
              ^^^^^^^^^^^^^^^^^^^^^^^^^^^^^^^^^^^^^^^^^^^^^^^^^^^^^^^^^^^^^^^^^^^^^
  File "/home/kryakzenpuk/MyPyCharmProjects/steam_tracker/.venv/lib/python3.12/site-packages/django/template/loader.py", line 62, in render_to_string
    return template.render(context, request)
           ^^^^^^^^^^^^^^^^^^^^^^^^^^^^^^^^^
  File "/home/kryakzenpuk/MyPyCharmProjects/steam_tracker/.venv/lib/python3.12/site-packages/django/template/backends/django.py", line 107, in render
    return self.template.render(context)
           ^^^^^^^^^^^^^^^^^^^^^^^^^^^^^
  File "/home/kryakzenpuk/MyPyCharmProjects/steam_tracker/.venv/lib/python3.12/site-packages/django/template/base.py", line 174, in render
    return self._render(context)
           ^^^^^^^^^^^^^^^^^^^^^
  File "/home/kryakzenpuk/MyPyCharmProjects/steam_tracker/.venv/lib/python3.12/site-packages/django/template/base.py", line 166, in _render
    return self.nodelist.render(context)
           ^^^^^^^^^^^^^^^^^^^^^^^^^^^^^
  File "/home/kryakzenpuk/MyPyCharmProjects/steam_tracker/.venv/lib/python3.12/site-packages/django/template/base.py", line 1091, in render
    return SafeString("".join([node.render_annotated(context) for node in self]))
                               ^^^^^^^^^^^^^^^^^^^^^^^^^^^^^^
  File "/home/kryakzenpuk/MyPyCharmProjects/steam_tracker/.venv/lib/python3.12/site-packages/django/template/base.py", line 1052, in render_annotated
    return self.render(context)
           ^^^^^^^^^^^^^^^^^^^^
  File "/home/kryakzenpuk/MyPyCharmProjects/steam_tracker/.venv/lib/python3.12/site-packages/django/template/defaulttags.py", line 511, in render
    url = reverse(view_name, args=args, kwargs=kwargs, current_app=current_app)
          ^^^^^^^^^^^^^^^^^^^^^^^^^^^^^^^^^^^^^^^^^^^^^^^^^^^^^^^^^^^^^^^^^^^^^
  File "/home/kryakzenpuk/MyPyCharmProjects/steam_tracker/.venv/lib/python3.12/site-packages/django/urls/base.py", line 98, in reverse
    resolved_url = resolver._reverse_with_prefix(view, prefix, *args, **kwargs)
                   ^^^^^^^^^^^^^^^^^^^^^^^^^^^^^^^^^^^^^^^^^^^^^^^^^^^^^^^^^^^^
  File "/home/kryakzenpuk/MyPyCharmProjects/steam_tracker/.venv/lib/python3.12/site-packages/django/urls/resolvers.py", line 842, in _reverse_with_prefix
    raise NoReverseMatch(msg)
django.urls.exceptions.NoReverseMatch: Reverse for 'parse_games' not found. 'parse_games' is not a valid view function or pattern name.
2026-07-25 22:54:25,784 - ERROR - log - "GET / HTTP/1.1" 500 123632
2026-07-25 22:54:26,331 - INFO - views - 📊 Запрошена страница со списком игр. Всего игр: 100
2026-07-25 22:54:26,333 - INFO - views - 📄 Отображена страница 1 из 5
2026-07-25 22:54:26,363 - ERROR - log - Internal Server Error: /
Traceback (most recent call last):
  File "/home/kryakzenpuk/MyPyCharmProjects/steam_tracker/.venv/lib/python3.12/site-packages/django/core/handlers/exception.py", line 55, in inner
    response = get_response(request)
               ^^^^^^^^^^^^^^^^^^^^^
  File "/home/kryakzenpuk/MyPyCharmProjects/steam_tracker/.venv/lib/python3.12/site-packages/django/core/handlers/base.py", line 198, in _get_response
    response = wrapped_callback(request, *callback_args, **callback_kwargs)
               ^^^^^^^^^^^^^^^^^^^^^^^^^^^^^^^^^^^^^^^^^^^^^^^^^^^^^^^^^^^^
  File "/home/kryakzenpuk/MyPyCharmProjects/steam_tracker/tracker/views.py", line 36, in game_list
    return render(request, "tracker/game_list.html", context)
           ^^^^^^^^^^^^^^^^^^^^^^^^^^^^^^^^^^^^^^^^^^^^^^^^^^
  File "/home/kryakzenpuk/MyPyCharmProjects/steam_tracker/.venv/lib/python3.12/site-packages/django/shortcuts.py", line 25, in render
    content = loader.render_to_string(template_name, context, request, using=using)
              ^^^^^^^^^^^^^^^^^^^^^^^^^^^^^^^^^^^^^^^^^^^^^^^^^^^^^^^^^^^^^^^^^^^^^
  File "/home/kryakzenpuk/MyPyCharmProjects/steam_tracker/.venv/lib/python3.12/site-packages/django/template/loader.py", line 62, in render_to_string
    return template.render(context, request)
           ^^^^^^^^^^^^^^^^^^^^^^^^^^^^^^^^^
  File "/home/kryakzenpuk/MyPyCharmProjects/steam_tracker/.venv/lib/python3.12/site-packages/django/template/backends/django.py", line 107, in render
    return self.template.render(context)
           ^^^^^^^^^^^^^^^^^^^^^^^^^^^^^
  File "/home/kryakzenpuk/MyPyCharmProjects/steam_tracker/.venv/lib/python3.12/site-packages/django/template/base.py", line 174, in render
    return self._render(context)
           ^^^^^^^^^^^^^^^^^^^^^
  File "/home/kryakzenpuk/MyPyCharmProjects/steam_tracker/.venv/lib/python3.12/site-packages/django/template/base.py", line 166, in _render
    return self.nodelist.render(context)
           ^^^^^^^^^^^^^^^^^^^^^^^^^^^^^
  File "/home/kryakzenpuk/MyPyCharmProjects/steam_tracker/.venv/lib/python3.12/site-packages/django/template/base.py", line 1091, in render
    return SafeString("".join([node.render_annotated(context) for node in self]))
                               ^^^^^^^^^^^^^^^^^^^^^^^^^^^^^^
  File "/home/kryakzenpuk/MyPyCharmProjects/steam_tracker/.venv/lib/python3.12/site-packages/django/template/base.py", line 1052, in render_annotated
    return self.render(context)
           ^^^^^^^^^^^^^^^^^^^^
  File "/home/kryakzenpuk/MyPyCharmProjects/steam_tracker/.venv/lib/python3.12/site-packages/django/template/defaulttags.py", line 511, in render
    url = reverse(view_name, args=args, kwargs=kwargs, current_app=current_app)
          ^^^^^^^^^^^^^^^^^^^^^^^^^^^^^^^^^^^^^^^^^^^^^^^^^^^^^^^^^^^^^^^^^^^^^
  File "/home/kryakzenpuk/MyPyCharmProjects/steam_tracker/.venv/lib/python3.12/site-packages/django/urls/base.py", line 98, in reverse
    resolved_url = resolver._reverse_with_prefix(view, prefix, *args, **kwargs)
                   ^^^^^^^^^^^^^^^^^^^^^^^^^^^^^^^^^^^^^^^^^^^^^^^^^^^^^^^^^^^^
  File "/home/kryakzenpuk/MyPyCharmProjects/steam_tracker/.venv/lib/python3.12/site-packages/django/urls/resolvers.py", line 842, in _reverse_with_prefix
    raise NoReverseMatch(msg)
django.urls.exceptions.NoReverseMatch: Reverse for 'parse_games' not found. 'parse_games' is not a valid view function or pattern name.
2026-07-25 22:54:26,365 - ERROR - log - "GET / HTTP/1.1" 500 123632
2026-07-25 22:54:26,581 - INFO - views - 📊 Запрошена страница со списком игр. Всего игр: 100
2026-07-25 22:54:26,583 - INFO - views - 📄 Отображена страница 1 из 5
2026-07-25 22:54:26,617 - ERROR - log - Internal Server Error: /
Traceback (most recent call last):
  File "/home/kryakzenpuk/MyPyCharmProjects/steam_tracker/.venv/lib/python3.12/site-packages/django/core/handlers/exception.py", line 55, in inner
    response = get_response(request)
               ^^^^^^^^^^^^^^^^^^^^^
  File "/home/kryakzenpuk/MyPyCharmProjects/steam_tracker/.venv/lib/python3.12/site-packages/django/core/handlers/base.py", line 198, in _get_response
    response = wrapped_callback(request, *callback_args, **callback_kwargs)
               ^^^^^^^^^^^^^^^^^^^^^^^^^^^^^^^^^^^^^^^^^^^^^^^^^^^^^^^^^^^^
  File "/home/kryakzenpuk/MyPyCharmProjects/steam_tracker/tracker/views.py", line 36, in game_list
    return render(request, "tracker/game_list.html", context)
           ^^^^^^^^^^^^^^^^^^^^^^^^^^^^^^^^^^^^^^^^^^^^^^^^^^
  File "/home/kryakzenpuk/MyPyCharmProjects/steam_tracker/.venv/lib/python3.12/site-packages/django/shortcuts.py", line 25, in render
    content = loader.render_to_string(template_name, context, request, using=using)
              ^^^^^^^^^^^^^^^^^^^^^^^^^^^^^^^^^^^^^^^^^^^^^^^^^^^^^^^^^^^^^^^^^^^^^
  File "/home/kryakzenpuk/MyPyCharmProjects/steam_tracker/.venv/lib/python3.12/site-packages/django/template/loader.py", line 62, in render_to_string
    return template.render(context, request)
           ^^^^^^^^^^^^^^^^^^^^^^^^^^^^^^^^^
  File "/home/kryakzenpuk/MyPyCharmProjects/steam_tracker/.venv/lib/python3.12/site-packages/django/template/backends/django.py", line 107, in render
    return self.template.render(context)
           ^^^^^^^^^^^^^^^^^^^^^^^^^^^^^
  File "/home/kryakzenpuk/MyPyCharmProjects/steam_tracker/.venv/lib/python3.12/site-packages/django/template/base.py", line 174, in render
    return self._render(context)
           ^^^^^^^^^^^^^^^^^^^^^
  File "/home/kryakzenpuk/MyPyCharmProjects/steam_tracker/.venv/lib/python3.12/site-packages/django/template/base.py", line 166, in _render
    return self.nodelist.render(context)
           ^^^^^^^^^^^^^^^^^^^^^^^^^^^^^
  File "/home/kryakzenpuk/MyPyCharmProjects/steam_tracker/.venv/lib/python3.12/site-packages/django/template/base.py", line 1091, in render
    return SafeString("".join([node.render_annotated(context) for node in self]))
                               ^^^^^^^^^^^^^^^^^^^^^^^^^^^^^^
  File "/home/kryakzenpuk/MyPyCharmProjects/steam_tracker/.venv/lib/python3.12/site-packages/django/template/base.py", line 1052, in render_annotated
    return self.render(context)
           ^^^^^^^^^^^^^^^^^^^^
  File "/home/kryakzenpuk/MyPyCharmProjects/steam_tracker/.venv/lib/python3.12/site-packages/django/template/defaulttags.py", line 511, in render
    url = reverse(view_name, args=args, kwargs=kwargs, current_app=current_app)
          ^^^^^^^^^^^^^^^^^^^^^^^^^^^^^^^^^^^^^^^^^^^^^^^^^^^^^^^^^^^^^^^^^^^^^
  File "/home/kryakzenpuk/MyPyCharmProjects/steam_tracker/.venv/lib/python3.12/site-packages/django/urls/base.py", line 98, in reverse
    resolved_url = resolver._reverse_with_prefix(view, prefix, *args, **kwargs)
                   ^^^^^^^^^^^^^^^^^^^^^^^^^^^^^^^^^^^^^^^^^^^^^^^^^^^^^^^^^^^^
  File "/home/kryakzenpuk/MyPyCharmProjects/steam_tracker/.venv/lib/python3.12/site-packages/django/urls/resolvers.py", line 842, in _reverse_with_prefix
    raise NoReverseMatch(msg)
django.urls.exceptions.NoReverseMatch: Reverse for 'parse_games' not found. 'parse_games' is not a valid view function or pattern name.
2026-07-25 22:54:26,618 - ERROR - log - "GET / HTTP/1.1" 500 123632
2026-07-25 22:54:26,779 - INFO - views - 📊 Запрошена страница со списком игр. Всего игр: 100
2026-07-25 22:54:26,781 - INFO - views - 📄 Отображена страница 1 из 5
2026-07-25 22:54:26,803 - ERROR - log - Internal Server Error: /
Traceback (most recent call last):
  File "/home/kryakzenpuk/MyPyCharmProjects/steam_tracker/.venv/lib/python3.12/site-packages/django/core/handlers/exception.py", line 55, in inner
    response = get_response(request)
               ^^^^^^^^^^^^^^^^^^^^^
  File "/home/kryakzenpuk/MyPyCharmProjects/steam_tracker/.venv/lib/python3.12/site-packages/django/core/handlers/base.py", line 198, in _get_response
    response = wrapped_callback(request, *callback_args, **callback_kwargs)
               ^^^^^^^^^^^^^^^^^^^^^^^^^^^^^^^^^^^^^^^^^^^^^^^^^^^^^^^^^^^^
  File "/home/kryakzenpuk/MyPyCharmProjects/steam_tracker/tracker/views.py", line 36, in game_list
    return render(request, "tracker/game_list.html", context)
           ^^^^^^^^^^^^^^^^^^^^^^^^^^^^^^^^^^^^^^^^^^^^^^^^^^
  File "/home/kryakzenpuk/MyPyCharmProjects/steam_tracker/.venv/lib/python3.12/site-packages/django/shortcuts.py", line 25, in render
    content = loader.render_to_string(template_name, context, request, using=using)
              ^^^^^^^^^^^^^^^^^^^^^^^^^^^^^^^^^^^^^^^^^^^^^^^^^^^^^^^^^^^^^^^^^^^^^
  File "/home/kryakzenpuk/MyPyCharmProjects/steam_tracker/.venv/lib/python3.12/site-packages/django/template/loader.py", line 62, in render_to_string
    return template.render(context, request)
           ^^^^^^^^^^^^^^^^^^^^^^^^^^^^^^^^^
  File "/home/kryakzenpuk/MyPyCharmProjects/steam_tracker/.venv/lib/python3.12/site-packages/django/template/backends/django.py", line 107, in render
    return self.template.render(context)
           ^^^^^^^^^^^^^^^^^^^^^^^^^^^^^
  File "/home/kryakzenpuk/MyPyCharmProjects/steam_tracker/.venv/lib/python3.12/site-packages/django/template/base.py", line 174, in render
    return self._render(context)
           ^^^^^^^^^^^^^^^^^^^^^
  File "/home/kryakzenpuk/MyPyCharmProjects/steam_tracker/.venv/lib/python3.12/site-packages/django/template/base.py", line 166, in _render
    return self.nodelist.render(context)
           ^^^^^^^^^^^^^^^^^^^^^^^^^^^^^
  File "/home/kryakzenpuk/MyPyCharmProjects/steam_tracker/.venv/lib/python3.12/site-packages/django/template/base.py", line 1091, in render
    return SafeString("".join([node.render_annotated(context) for node in self]))
                               ^^^^^^^^^^^^^^^^^^^^^^^^^^^^^^
  File "/home/kryakzenpuk/MyPyCharmProjects/steam_tracker/.venv/lib/python3.12/site-packages/django/template/base.py", line 1052, in render_annotated
    return self.render(context)
           ^^^^^^^^^^^^^^^^^^^^
  File "/home/kryakzenpuk/MyPyCharmProjects/steam_tracker/.venv/lib/python3.12/site-packages/django/template/defaulttags.py", line 511, in render
    url = reverse(view_name, args=args, kwargs=kwargs, current_app=current_app)
          ^^^^^^^^^^^^^^^^^^^^^^^^^^^^^^^^^^^^^^^^^^^^^^^^^^^^^^^^^^^^^^^^^^^^^
  File "/home/kryakzenpuk/MyPyCharmProjects/steam_tracker/.venv/lib/python3.12/site-packages/django/urls/base.py", line 98, in reverse
    resolved_url = resolver._reverse_with_prefix(view, prefix, *args, **kwargs)
                   ^^^^^^^^^^^^^^^^^^^^^^^^^^^^^^^^^^^^^^^^^^^^^^^^^^^^^^^^^^^^
  File "/home/kryakzenpuk/MyPyCharmProjects/steam_tracker/.venv/lib/python3.12/site-packages/django/urls/resolvers.py", line 842, in _reverse_with_prefix
    raise NoReverseMatch(msg)
django.urls.exceptions.NoReverseMatch: Reverse for 'parse_games' not found. 'parse_games' is not a valid view function or pattern name.
2026-07-25 22:54:26,804 - ERROR - log - "GET / HTTP/1.1" 500 123632
2026-07-25 22:54:26,954 - INFO - views - 📊 Запрошена страница со списком игр. Всего игр: 100
2026-07-25 22:54:26,956 - INFO - views - 📄 Отображена страница 1 из 5
2026-07-25 22:54:26,980 - ERROR - log - Internal Server Error: /
Traceback (most recent call last):
  File "/home/kryakzenpuk/MyPyCharmProjects/steam_tracker/.venv/lib/python3.12/site-packages/django/core/handlers/exception.py", line 55, in inner
    response = get_response(request)
               ^^^^^^^^^^^^^^^^^^^^^
  File "/home/kryakzenpuk/MyPyCharmProjects/steam_tracker/.venv/lib/python3.12/site-packages/django/core/handlers/base.py", line 198, in _get_response
    response = wrapped_callback(request, *callback_args, **callback_kwargs)
               ^^^^^^^^^^^^^^^^^^^^^^^^^^^^^^^^^^^^^^^^^^^^^^^^^^^^^^^^^^^^
  File "/home/kryakzenpuk/MyPyCharmProjects/steam_tracker/tracker/views.py", line 36, in game_list
    return render(request, "tracker/game_list.html", context)
           ^^^^^^^^^^^^^^^^^^^^^^^^^^^^^^^^^^^^^^^^^^^^^^^^^^
  File "/home/kryakzenpuk/MyPyCharmProjects/steam_tracker/.venv/lib/python3.12/site-packages/django/shortcuts.py", line 25, in render
    content = loader.render_to_string(template_name, context, request, using=using)
              ^^^^^^^^^^^^^^^^^^^^^^^^^^^^^^^^^^^^^^^^^^^^^^^^^^^^^^^^^^^^^^^^^^^^^
  File "/home/kryakzenpuk/MyPyCharmProjects/steam_tracker/.venv/lib/python3.12/site-packages/django/template/loader.py", line 62, in render_to_string
    return template.render(context, request)
           ^^^^^^^^^^^^^^^^^^^^^^^^^^^^^^^^^
  File "/home/kryakzenpuk/MyPyCharmProjects/steam_tracker/.venv/lib/python3.12/site-packages/django/template/backends/django.py", line 107, in render
    return self.template.render(context)
           ^^^^^^^^^^^^^^^^^^^^^^^^^^^^^
  File "/home/kryakzenpuk/MyPyCharmProjects/steam_tracker/.venv/lib/python3.12/site-packages/django/template/base.py", line 174, in render
    return self._render(context)
           ^^^^^^^^^^^^^^^^^^^^^
  File "/home/kryakzenpuk/MyPyCharmProjects/steam_tracker/.venv/lib/python3.12/site-packages/django/template/base.py", line 166, in _render
    return self.nodelist.render(context)
           ^^^^^^^^^^^^^^^^^^^^^^^^^^^^^
  File "/home/kryakzenpuk/MyPyCharmProjects/steam_tracker/.venv/lib/python3.12/site-packages/django/template/base.py", line 1091, in render
    return SafeString("".join([node.render_annotated(context) for node in self]))
                               ^^^^^^^^^^^^^^^^^^^^^^^^^^^^^^
  File "/home/kryakzenpuk/MyPyCharmProjects/steam_tracker/.venv/lib/python3.12/site-packages/django/template/base.py", line 1052, in render_annotated
    return self.render(context)
           ^^^^^^^^^^^^^^^^^^^^
  File "/home/kryakzenpuk/MyPyCharmProjects/steam_tracker/.venv/lib/python3.12/site-packages/django/template/defaulttags.py", line 511, in render
    url = reverse(view_name, args=args, kwargs=kwargs, current_app=current_app)
          ^^^^^^^^^^^^^^^^^^^^^^^^^^^^^^^^^^^^^^^^^^^^^^^^^^^^^^^^^^^^^^^^^^^^^
  File "/home/kryakzenpuk/MyPyCharmProjects/steam_tracker/.venv/lib/python3.12/site-packages/django/urls/base.py", line 98, in reverse
    resolved_url = resolver._reverse_with_prefix(view, prefix, *args, **kwargs)
                   ^^^^^^^^^^^^^^^^^^^^^^^^^^^^^^^^^^^^^^^^^^^^^^^^^^^^^^^^^^^^
  File "/home/kryakzenpuk/MyPyCharmProjects/steam_tracker/.venv/lib/python3.12/site-packages/django/urls/resolvers.py", line 842, in _reverse_with_prefix
    raise NoReverseMatch(msg)
django.urls.exceptions.NoReverseMatch: Reverse for 'parse_games' not found. 'parse_games' is not a valid view function or pattern name.
2026-07-25 22:54:26,981 - ERROR - log - "GET / HTTP/1.1" 500 123632
2026-07-25 22:54:27,132 - INFO - views - 📊 Запрошена страница со списком игр. Всего игр: 100
2026-07-25 22:54:27,134 - INFO - views - 📄 Отображена страница 1 из 5
2026-07-25 22:54:27,159 - ERROR - log - Internal Server Error: /
Traceback (most recent call last):
  File "/home/kryakzenpuk/MyPyCharmProjects/steam_tracker/.venv/lib/python3.12/site-packages/django/core/handlers/exception.py", line 55, in inner
    response = get_response(request)
               ^^^^^^^^^^^^^^^^^^^^^
  File "/home/kryakzenpuk/MyPyCharmProjects/steam_tracker/.venv/lib/python3.12/site-packages/django/core/handlers/base.py", line 198, in _get_response
    response = wrapped_callback(request, *callback_args, **callback_kwargs)
               ^^^^^^^^^^^^^^^^^^^^^^^^^^^^^^^^^^^^^^^^^^^^^^^^^^^^^^^^^^^^
  File "/home/kryakzenpuk/MyPyCharmProjects/steam_tracker/tracker/views.py", line 36, in game_list
    return render(request, "tracker/game_list.html", context)
           ^^^^^^^^^^^^^^^^^^^^^^^^^^^^^^^^^^^^^^^^^^^^^^^^^^
  File "/home/kryakzenpuk/MyPyCharmProjects/steam_tracker/.venv/lib/python3.12/site-packages/django/shortcuts.py", line 25, in render
    content = loader.render_to_string(template_name, context, request, using=using)
              ^^^^^^^^^^^^^^^^^^^^^^^^^^^^^^^^^^^^^^^^^^^^^^^^^^^^^^^^^^^^^^^^^^^^^
  File "/home/kryakzenpuk/MyPyCharmProjects/steam_tracker/.venv/lib/python3.12/site-packages/django/template/loader.py", line 62, in render_to_string
    return template.render(context, request)
           ^^^^^^^^^^^^^^^^^^^^^^^^^^^^^^^^^
  File "/home/kryakzenpuk/MyPyCharmProjects/steam_tracker/.venv/lib/python3.12/site-packages/django/template/backends/django.py", line 107, in render
    return self.template.render(context)
           ^^^^^^^^^^^^^^^^^^^^^^^^^^^^^
  File "/home/kryakzenpuk/MyPyCharmProjects/steam_tracker/.venv/lib/python3.12/site-packages/django/template/base.py", line 174, in render
    return self._render(context)
           ^^^^^^^^^^^^^^^^^^^^^
  File "/home/kryakzenpuk/MyPyCharmProjects/steam_tracker/.venv/lib/python3.12/site-packages/django/template/base.py", line 166, in _render
    return self.nodelist.render(context)
           ^^^^^^^^^^^^^^^^^^^^^^^^^^^^^
  File "/home/kryakzenpuk/MyPyCharmProjects/steam_tracker/.venv/lib/python3.12/site-packages/django/template/base.py", line 1091, in render
    return SafeString("".join([node.render_annotated(context) for node in self]))
                               ^^^^^^^^^^^^^^^^^^^^^^^^^^^^^^
  File "/home/kryakzenpuk/MyPyCharmProjects/steam_tracker/.venv/lib/python3.12/site-packages/django/template/base.py", line 1052, in render_annotated
    return self.render(context)
           ^^^^^^^^^^^^^^^^^^^^
  File "/home/kryakzenpuk/MyPyCharmProjects/steam_tracker/.venv/lib/python3.12/site-packages/django/template/defaulttags.py", line 511, in render
    url = reverse(view_name, args=args, kwargs=kwargs, current_app=current_app)
          ^^^^^^^^^^^^^^^^^^^^^^^^^^^^^^^^^^^^^^^^^^^^^^^^^^^^^^^^^^^^^^^^^^^^^
  File "/home/kryakzenpuk/MyPyCharmProjects/steam_tracker/.venv/lib/python3.12/site-packages/django/urls/base.py", line 98, in reverse
    resolved_url = resolver._reverse_with_prefix(view, prefix, *args, **kwargs)
                   ^^^^^^^^^^^^^^^^^^^^^^^^^^^^^^^^^^^^^^^^^^^^^^^^^^^^^^^^^^^^
  File "/home/kryakzenpuk/MyPyCharmProjects/steam_tracker/.venv/lib/python3.12/site-packages/django/urls/resolvers.py", line 842, in _reverse_with_prefix
    raise NoReverseMatch(msg)
django.urls.exceptions.NoReverseMatch: Reverse for 'parse_games' not found. 'parse_games' is not a valid view function or pattern name.
2026-07-25 22:54:27,161 - ERROR - log - "GET / HTTP/1.1" 500 123632
2026-07-25 22:54:27,409 - INFO - views - 📊 Запрошена страница со списком игр. Всего игр: 100
2026-07-25 22:54:27,411 - INFO - views - 📄 Отображена страница 1 из 5
2026-07-25 22:54:27,434 - ERROR - log - Internal Server Error: /
Traceback (most recent call last):
  File "/home/kryakzenpuk/MyPyCharmProjects/steam_tracker/.venv/lib/python3.12/site-packages/django/core/handlers/exception.py", line 55, in inner
    response = get_response(request)
               ^^^^^^^^^^^^^^^^^^^^^
  File "/home/kryakzenpuk/MyPyCharmProjects/steam_tracker/.venv/lib/python3.12/site-packages/django/core/handlers/base.py", line 198, in _get_response
    response = wrapped_callback(request, *callback_args, **callback_kwargs)
               ^^^^^^^^^^^^^^^^^^^^^^^^^^^^^^^^^^^^^^^^^^^^^^^^^^^^^^^^^^^^
  File "/home/kryakzenpuk/MyPyCharmProjects/steam_tracker/tracker/views.py", line 36, in game_list
    return render(request, "tracker/game_list.html", context)
           ^^^^^^^^^^^^^^^^^^^^^^^^^^^^^^^^^^^^^^^^^^^^^^^^^^
  File "/home/kryakzenpuk/MyPyCharmProjects/steam_tracker/.venv/lib/python3.12/site-packages/django/shortcuts.py", line 25, in render
    content = loader.render_to_string(template_name, context, request, using=using)
              ^^^^^^^^^^^^^^^^^^^^^^^^^^^^^^^^^^^^^^^^^^^^^^^^^^^^^^^^^^^^^^^^^^^^^
  File "/home/kryakzenpuk/MyPyCharmProjects/steam_tracker/.venv/lib/python3.12/site-packages/django/template/loader.py", line 62, in render_to_string
    return template.render(context, request)
           ^^^^^^^^^^^^^^^^^^^^^^^^^^^^^^^^^
  File "/home/kryakzenpuk/MyPyCharmProjects/steam_tracker/.venv/lib/python3.12/site-packages/django/template/backends/django.py", line 107, in render
    return self.template.render(context)
           ^^^^^^^^^^^^^^^^^^^^^^^^^^^^^
  File "/home/kryakzenpuk/MyPyCharmProjects/steam_tracker/.venv/lib/python3.12/site-packages/django/template/base.py", line 174, in render
    return self._render(context)
           ^^^^^^^^^^^^^^^^^^^^^
  File "/home/kryakzenpuk/MyPyCharmProjects/steam_tracker/.venv/lib/python3.12/site-packages/django/template/base.py", line 166, in _render
    return self.nodelist.render(context)
           ^^^^^^^^^^^^^^^^^^^^^^^^^^^^^
  File "/home/kryakzenpuk/MyPyCharmProjects/steam_tracker/.venv/lib/python3.12/site-packages/django/template/base.py", line 1091, in render
    return SafeString("".join([node.render_annotated(context) for node in self]))
                               ^^^^^^^^^^^^^^^^^^^^^^^^^^^^^^
  File "/home/kryakzenpuk/MyPyCharmProjects/steam_tracker/.venv/lib/python3.12/site-packages/django/template/base.py", line 1052, in render_annotated
    return self.render(context)
           ^^^^^^^^^^^^^^^^^^^^
  File "/home/kryakzenpuk/MyPyCharmProjects/steam_tracker/.venv/lib/python3.12/site-packages/django/template/defaulttags.py", line 511, in render
    url = reverse(view_name, args=args, kwargs=kwargs, current_app=current_app)
          ^^^^^^^^^^^^^^^^^^^^^^^^^^^^^^^^^^^^^^^^^^^^^^^^^^^^^^^^^^^^^^^^^^^^^
  File "/home/kryakzenpuk/MyPyCharmProjects/steam_tracker/.venv/lib/python3.12/site-packages/django/urls/base.py", line 98, in reverse
    resolved_url = resolver._reverse_with_prefix(view, prefix, *args, **kwargs)
                   ^^^^^^^^^^^^^^^^^^^^^^^^^^^^^^^^^^^^^^^^^^^^^^^^^^^^^^^^^^^^
  File "/home/kryakzenpuk/MyPyCharmProjects/steam_tracker/.venv/lib/python3.12/site-packages/django/urls/resolvers.py", line 842, in _reverse_with_prefix
    raise NoReverseMatch(msg)
django.urls.exceptions.NoReverseMatch: Reverse for 'parse_games' not found. 'parse_games' is not a valid view function or pattern name.
2026-07-25 22:54:27,435 - ERROR - log - "GET / HTTP/1.1" 500 123632
2026-07-25 22:54:55,291 - INFO - views - 📊 Запрошена страница со списком игр. Всего игр: 100
2026-07-25 22:54:55,293 - INFO - views - 📄 Отображена страница 1 из 5
2026-07-25 22:54:55,324 - ERROR - log - Internal Server Error: /
Traceback (most recent call last):
  File "/home/kryakzenpuk/MyPyCharmProjects/steam_tracker/.venv/lib/python3.12/site-packages/django/core/handlers/exception.py", line 55, in inner
    response = get_response(request)
               ^^^^^^^^^^^^^^^^^^^^^
  File "/home/kryakzenpuk/MyPyCharmProjects/steam_tracker/.venv/lib/python3.12/site-packages/django/core/handlers/base.py", line 198, in _get_response
    response = wrapped_callback(request, *callback_args, **callback_kwargs)
               ^^^^^^^^^^^^^^^^^^^^^^^^^^^^^^^^^^^^^^^^^^^^^^^^^^^^^^^^^^^^
  File "/home/kryakzenpuk/MyPyCharmProjects/steam_tracker/tracker/views.py", line 36, in game_list
    return render(request, "tracker/game_list.html", context)
           ^^^^^^^^^^^^^^^^^^^^^^^^^^^^^^^^^^^^^^^^^^^^^^^^^^
  File "/home/kryakzenpuk/MyPyCharmProjects/steam_tracker/.venv/lib/python3.12/site-packages/django/shortcuts.py", line 25, in render
    content = loader.render_to_string(template_name, context, request, using=using)
              ^^^^^^^^^^^^^^^^^^^^^^^^^^^^^^^^^^^^^^^^^^^^^^^^^^^^^^^^^^^^^^^^^^^^^
  File "/home/kryakzenpuk/MyPyCharmProjects/steam_tracker/.venv/lib/python3.12/site-packages/django/template/loader.py", line 62, in render_to_string
    return template.render(context, request)
           ^^^^^^^^^^^^^^^^^^^^^^^^^^^^^^^^^
  File "/home/kryakzenpuk/MyPyCharmProjects/steam_tracker/.venv/lib/python3.12/site-packages/django/template/backends/django.py", line 107, in render
    return self.template.render(context)
           ^^^^^^^^^^^^^^^^^^^^^^^^^^^^^
  File "/home/kryakzenpuk/MyPyCharmProjects/steam_tracker/.venv/lib/python3.12/site-packages/django/template/base.py", line 174, in render
    return self._render(context)
           ^^^^^^^^^^^^^^^^^^^^^
  File "/home/kryakzenpuk/MyPyCharmProjects/steam_tracker/.venv/lib/python3.12/site-packages/django/template/base.py", line 166, in _render
    return self.nodelist.render(context)
           ^^^^^^^^^^^^^^^^^^^^^^^^^^^^^
  File "/home/kryakzenpuk/MyPyCharmProjects/steam_tracker/.venv/lib/python3.12/site-packages/django/template/base.py", line 1091, in render
    return SafeString("".join([node.render_annotated(context) for node in self]))
                               ^^^^^^^^^^^^^^^^^^^^^^^^^^^^^^
  File "/home/kryakzenpuk/MyPyCharmProjects/steam_tracker/.venv/lib/python3.12/site-packages/django/template/base.py", line 1052, in render_annotated
    return self.render(context)
           ^^^^^^^^^^^^^^^^^^^^
  File "/home/kryakzenpuk/MyPyCharmProjects/steam_tracker/.venv/lib/python3.12/site-packages/django/template/defaulttags.py", line 511, in render
    url = reverse(view_name, args=args, kwargs=kwargs, current_app=current_app)
          ^^^^^^^^^^^^^^^^^^^^^^^^^^^^^^^^^^^^^^^^^^^^^^^^^^^^^^^^^^^^^^^^^^^^^
  File "/home/kryakzenpuk/MyPyCharmProjects/steam_tracker/.venv/lib/python3.12/site-packages/django/urls/base.py", line 98, in reverse
    resolved_url = resolver._reverse_with_prefix(view, prefix, *args, **kwargs)
                   ^^^^^^^^^^^^^^^^^^^^^^^^^^^^^^^^^^^^^^^^^^^^^^^^^^^^^^^^^^^^
  File "/home/kryakzenpuk/MyPyCharmProjects/steam_tracker/.venv/lib/python3.12/site-packages/django/urls/resolvers.py", line 842, in _reverse_with_prefix
    raise NoReverseMatch(msg)
django.urls.exceptions.NoReverseMatch: Reverse for 'parse_games' not found. 'parse_games' is not a valid view function or pattern name.
2026-07-25 22:54:55,326 - ERROR - log - "GET / HTTP/1.1" 500 123897
2026-07-25 22:54:55,355 - WARNING - log - Not Found: /favicon.ico
2026-07-25 22:54:55,356 - WARNING - log - "GET /favicon.ico HTTP/1.1" 404 2459
2026-07-25 22:54:56,278 - INFO - views - 📊 Запрошена страница со списком игр. Всего игр: 100
2026-07-25 22:54:56,281 - INFO - views - 📄 Отображена страница 1 из 5
2026-07-25 22:54:56,310 - ERROR - log - Internal Server Error: /
Traceback (most recent call last):
  File "/home/kryakzenpuk/MyPyCharmProjects/steam_tracker/.venv/lib/python3.12/site-packages/django/core/handlers/exception.py", line 55, in inner
    response = get_response(request)
               ^^^^^^^^^^^^^^^^^^^^^
  File "/home/kryakzenpuk/MyPyCharmProjects/steam_tracker/.venv/lib/python3.12/site-packages/django/core/handlers/base.py", line 198, in _get_response
    response = wrapped_callback(request, *callback_args, **callback_kwargs)
               ^^^^^^^^^^^^^^^^^^^^^^^^^^^^^^^^^^^^^^^^^^^^^^^^^^^^^^^^^^^^
  File "/home/kryakzenpuk/MyPyCharmProjects/steam_tracker/tracker/views.py", line 36, in game_list
    return render(request, "tracker/game_list.html", context)
           ^^^^^^^^^^^^^^^^^^^^^^^^^^^^^^^^^^^^^^^^^^^^^^^^^^
  File "/home/kryakzenpuk/MyPyCharmProjects/steam_tracker/.venv/lib/python3.12/site-packages/django/shortcuts.py", line 25, in render
    content = loader.render_to_string(template_name, context, request, using=using)
              ^^^^^^^^^^^^^^^^^^^^^^^^^^^^^^^^^^^^^^^^^^^^^^^^^^^^^^^^^^^^^^^^^^^^^
  File "/home/kryakzenpuk/MyPyCharmProjects/steam_tracker/.venv/lib/python3.12/site-packages/django/template/loader.py", line 62, in render_to_string
    return template.render(context, request)
           ^^^^^^^^^^^^^^^^^^^^^^^^^^^^^^^^^
  File "/home/kryakzenpuk/MyPyCharmProjects/steam_tracker/.venv/lib/python3.12/site-packages/django/template/backends/django.py", line 107, in render
    return self.template.render(context)
           ^^^^^^^^^^^^^^^^^^^^^^^^^^^^^
  File "/home/kryakzenpuk/MyPyCharmProjects/steam_tracker/.venv/lib/python3.12/site-packages/django/template/base.py", line 174, in render
    return self._render(context)
           ^^^^^^^^^^^^^^^^^^^^^
  File "/home/kryakzenpuk/MyPyCharmProjects/steam_tracker/.venv/lib/python3.12/site-packages/django/template/base.py", line 166, in _render
    return self.nodelist.render(context)
           ^^^^^^^^^^^^^^^^^^^^^^^^^^^^^
  File "/home/kryakzenpuk/MyPyCharmProjects/steam_tracker/.venv/lib/python3.12/site-packages/django/template/base.py", line 1091, in render
    return SafeString("".join([node.render_annotated(context) for node in self]))
                               ^^^^^^^^^^^^^^^^^^^^^^^^^^^^^^
  File "/home/kryakzenpuk/MyPyCharmProjects/steam_tracker/.venv/lib/python3.12/site-packages/django/template/base.py", line 1052, in render_annotated
    return self.render(context)
           ^^^^^^^^^^^^^^^^^^^^
  File "/home/kryakzenpuk/MyPyCharmProjects/steam_tracker/.venv/lib/python3.12/site-packages/django/template/defaulttags.py", line 511, in render
    url = reverse(view_name, args=args, kwargs=kwargs, current_app=current_app)
          ^^^^^^^^^^^^^^^^^^^^^^^^^^^^^^^^^^^^^^^^^^^^^^^^^^^^^^^^^^^^^^^^^^^^^
  File "/home/kryakzenpuk/MyPyCharmProjects/steam_tracker/.venv/lib/python3.12/site-packages/django/urls/base.py", line 98, in reverse
    resolved_url = resolver._reverse_with_prefix(view, prefix, *args, **kwargs)
                   ^^^^^^^^^^^^^^^^^^^^^^^^^^^^^^^^^^^^^^^^^^^^^^^^^^^^^^^^^^^^
  File "/home/kryakzenpuk/MyPyCharmProjects/steam_tracker/.venv/lib/python3.12/site-packages/django/urls/resolvers.py", line 842, in _reverse_with_prefix
    raise NoReverseMatch(msg)
django.urls.exceptions.NoReverseMatch: Reverse for 'parse_games' not found. 'parse_games' is not a valid view function or pattern name.
2026-07-25 22:54:56,311 - ERROR - log - "GET / HTTP/1.1" 500 123897
2026-07-25 22:54:56,340 - WARNING - log - Not Found: /favicon.ico
2026-07-25 22:54:56,340 - WARNING - log - "GET /favicon.ico HTTP/1.1" 404 2459
2026-07-25 22:54:56,880 - INFO - views - 📊 Запрошена страница со списком игр. Всего игр: 100
2026-07-25 22:54:56,882 - INFO - views - 📄 Отображена страница 1 из 5
2026-07-25 22:54:56,912 - ERROR - log - Internal Server Error: /
Traceback (most recent call last):
  File "/home/kryakzenpuk/MyPyCharmProjects/steam_tracker/.venv/lib/python3.12/site-packages/django/core/handlers/exception.py", line 55, in inner
    response = get_response(request)
               ^^^^^^^^^^^^^^^^^^^^^
  File "/home/kryakzenpuk/MyPyCharmProjects/steam_tracker/.venv/lib/python3.12/site-packages/django/core/handlers/base.py", line 198, in _get_response
    response = wrapped_callback(request, *callback_args, **callback_kwargs)
               ^^^^^^^^^^^^^^^^^^^^^^^^^^^^^^^^^^^^^^^^^^^^^^^^^^^^^^^^^^^^
  File "/home/kryakzenpuk/MyPyCharmProjects/steam_tracker/tracker/views.py", line 36, in game_list
    return render(request, "tracker/game_list.html", context)
           ^^^^^^^^^^^^^^^^^^^^^^^^^^^^^^^^^^^^^^^^^^^^^^^^^^
  File "/home/kryakzenpuk/MyPyCharmProjects/steam_tracker/.venv/lib/python3.12/site-packages/django/shortcuts.py", line 25, in render
    content = loader.render_to_string(template_name, context, request, using=using)
              ^^^^^^^^^^^^^^^^^^^^^^^^^^^^^^^^^^^^^^^^^^^^^^^^^^^^^^^^^^^^^^^^^^^^^
  File "/home/kryakzenpuk/MyPyCharmProjects/steam_tracker/.venv/lib/python3.12/site-packages/django/template/loader.py", line 62, in render_to_string
    return template.render(context, request)
           ^^^^^^^^^^^^^^^^^^^^^^^^^^^^^^^^^
  File "/home/kryakzenpuk/MyPyCharmProjects/steam_tracker/.venv/lib/python3.12/site-packages/django/template/backends/django.py", line 107, in render
    return self.template.render(context)
           ^^^^^^^^^^^^^^^^^^^^^^^^^^^^^
  File "/home/kryakzenpuk/MyPyCharmProjects/steam_tracker/.venv/lib/python3.12/site-packages/django/template/base.py", line 174, in render
    return self._render(context)
           ^^^^^^^^^^^^^^^^^^^^^
  File "/home/kryakzenpuk/MyPyCharmProjects/steam_tracker/.venv/lib/python3.12/site-packages/django/template/base.py", line 166, in _render
    return self.nodelist.render(context)
           ^^^^^^^^^^^^^^^^^^^^^^^^^^^^^
  File "/home/kryakzenpuk/MyPyCharmProjects/steam_tracker/.venv/lib/python3.12/site-packages/django/template/base.py", line 1091, in render
    return SafeString("".join([node.render_annotated(context) for node in self]))
                               ^^^^^^^^^^^^^^^^^^^^^^^^^^^^^^
  File "/home/kryakzenpuk/MyPyCharmProjects/steam_tracker/.venv/lib/python3.12/site-packages/django/template/base.py", line 1052, in render_annotated
    return self.render(context)
           ^^^^^^^^^^^^^^^^^^^^
  File "/home/kryakzenpuk/MyPyCharmProjects/steam_tracker/.venv/lib/python3.12/site-packages/django/template/defaulttags.py", line 511, in render
    url = reverse(view_name, args=args, kwargs=kwargs, current_app=current_app)
          ^^^^^^^^^^^^^^^^^^^^^^^^^^^^^^^^^^^^^^^^^^^^^^^^^^^^^^^^^^^^^^^^^^^^^
  File "/home/kryakzenpuk/MyPyCharmProjects/steam_tracker/.venv/lib/python3.12/site-packages/django/urls/base.py", line 98, in reverse
    resolved_url = resolver._reverse_with_prefix(view, prefix, *args, **kwargs)
                   ^^^^^^^^^^^^^^^^^^^^^^^^^^^^^^^^^^^^^^^^^^^^^^^^^^^^^^^^^^^^
  File "/home/kryakzenpuk/MyPyCharmProjects/steam_tracker/.venv/lib/python3.12/site-packages/django/urls/resolvers.py", line 842, in _reverse_with_prefix
    raise NoReverseMatch(msg)
django.urls.exceptions.NoReverseMatch: Reverse for 'parse_games' not found. 'parse_games' is not a valid view function or pattern name.
2026-07-25 22:54:56,914 - ERROR - log - "GET / HTTP/1.1" 500 123897
2026-07-25 22:54:56,939 - WARNING - log - Not Found: /favicon.ico
2026-07-25 22:54:56,939 - WARNING - log - "GET /favicon.ico HTTP/1.1" 404 2459
2026-07-25 22:54:57,147 - INFO - views - 📊 Запрошена страница со списком игр. Всего игр: 100
2026-07-25 22:54:57,149 - INFO - views - 📄 Отображена страница 1 из 5
2026-07-25 22:54:57,181 - ERROR - log - Internal Server Error: /
Traceback (most recent call last):
  File "/home/kryakzenpuk/MyPyCharmProjects/steam_tracker/.venv/lib/python3.12/site-packages/django/core/handlers/exception.py", line 55, in inner
    response = get_response(request)
               ^^^^^^^^^^^^^^^^^^^^^
  File "/home/kryakzenpuk/MyPyCharmProjects/steam_tracker/.venv/lib/python3.12/site-packages/django/core/handlers/base.py", line 198, in _get_response
    response = wrapped_callback(request, *callback_args, **callback_kwargs)
               ^^^^^^^^^^^^^^^^^^^^^^^^^^^^^^^^^^^^^^^^^^^^^^^^^^^^^^^^^^^^
  File "/home/kryakzenpuk/MyPyCharmProjects/steam_tracker/tracker/views.py", line 36, in game_list
    return render(request, "tracker/game_list.html", context)
           ^^^^^^^^^^^^^^^^^^^^^^^^^^^^^^^^^^^^^^^^^^^^^^^^^^
  File "/home/kryakzenpuk/MyPyCharmProjects/steam_tracker/.venv/lib/python3.12/site-packages/django/shortcuts.py", line 25, in render
    content = loader.render_to_string(template_name, context, request, using=using)
              ^^^^^^^^^^^^^^^^^^^^^^^^^^^^^^^^^^^^^^^^^^^^^^^^^^^^^^^^^^^^^^^^^^^^^
  File "/home/kryakzenpuk/MyPyCharmProjects/steam_tracker/.venv/lib/python3.12/site-packages/django/template/loader.py", line 62, in render_to_string
    return template.render(context, request)
           ^^^^^^^^^^^^^^^^^^^^^^^^^^^^^^^^^
  File "/home/kryakzenpuk/MyPyCharmProjects/steam_tracker/.venv/lib/python3.12/site-packages/django/template/backends/django.py", line 107, in render
    return self.template.render(context)
           ^^^^^^^^^^^^^^^^^^^^^^^^^^^^^
  File "/home/kryakzenpuk/MyPyCharmProjects/steam_tracker/.venv/lib/python3.12/site-packages/django/template/base.py", line 174, in render
    return self._render(context)
           ^^^^^^^^^^^^^^^^^^^^^
  File "/home/kryakzenpuk/MyPyCharmProjects/steam_tracker/.venv/lib/python3.12/site-packages/django/template/base.py", line 166, in _render
    return self.nodelist.render(context)
           ^^^^^^^^^^^^^^^^^^^^^^^^^^^^^
  File "/home/kryakzenpuk/MyPyCharmProjects/steam_tracker/.venv/lib/python3.12/site-packages/django/template/base.py", line 1091, in render
    return SafeString("".join([node.render_annotated(context) for node in self]))
                               ^^^^^^^^^^^^^^^^^^^^^^^^^^^^^^
  File "/home/kryakzenpuk/MyPyCharmProjects/steam_tracker/.venv/lib/python3.12/site-packages/django/template/base.py", line 1052, in render_annotated
    return self.render(context)
           ^^^^^^^^^^^^^^^^^^^^
  File "/home/kryakzenpuk/MyPyCharmProjects/steam_tracker/.venv/lib/python3.12/site-packages/django/template/defaulttags.py", line 511, in render
    url = reverse(view_name, args=args, kwargs=kwargs, current_app=current_app)
          ^^^^^^^^^^^^^^^^^^^^^^^^^^^^^^^^^^^^^^^^^^^^^^^^^^^^^^^^^^^^^^^^^^^^^
  File "/home/kryakzenpuk/MyPyCharmProjects/steam_tracker/.venv/lib/python3.12/site-packages/django/urls/base.py", line 98, in reverse
    resolved_url = resolver._reverse_with_prefix(view, prefix, *args, **kwargs)
                   ^^^^^^^^^^^^^^^^^^^^^^^^^^^^^^^^^^^^^^^^^^^^^^^^^^^^^^^^^^^^
  File "/home/kryakzenpuk/MyPyCharmProjects/steam_tracker/.venv/lib/python3.12/site-packages/django/urls/resolvers.py", line 842, in _reverse_with_prefix
    raise NoReverseMatch(msg)
django.urls.exceptions.NoReverseMatch: Reverse for 'parse_games' not found. 'parse_games' is not a valid view function or pattern name.
2026-07-25 22:54:57,182 - ERROR - log - "GET / HTTP/1.1" 500 123897
2026-07-25 22:54:57,208 - WARNING - log - Not Found: /favicon.ico
2026-07-25 22:54:57,208 - WARNING - log - "GET /favicon.ico HTTP/1.1" 404 2459
2026-07-25 22:54:57,334 - INFO - views - 📊 Запрошена страница со списком игр. Всего игр: 100
2026-07-25 22:54:57,336 - INFO - views - 📄 Отображена страница 1 из 5
2026-07-25 22:54:57,368 - ERROR - log - Internal Server Error: /
Traceback (most recent call last):
  File "/home/kryakzenpuk/MyPyCharmProjects/steam_tracker/.venv/lib/python3.12/site-packages/django/core/handlers/exception.py", line 55, in inner
    response = get_response(request)
               ^^^^^^^^^^^^^^^^^^^^^
  File "/home/kryakzenpuk/MyPyCharmProjects/steam_tracker/.venv/lib/python3.12/site-packages/django/core/handlers/base.py", line 198, in _get_response
    response = wrapped_callback(request, *callback_args, **callback_kwargs)
               ^^^^^^^^^^^^^^^^^^^^^^^^^^^^^^^^^^^^^^^^^^^^^^^^^^^^^^^^^^^^
  File "/home/kryakzenpuk/MyPyCharmProjects/steam_tracker/tracker/views.py", line 36, in game_list
    return render(request, "tracker/game_list.html", context)
           ^^^^^^^^^^^^^^^^^^^^^^^^^^^^^^^^^^^^^^^^^^^^^^^^^^
  File "/home/kryakzenpuk/MyPyCharmProjects/steam_tracker/.venv/lib/python3.12/site-packages/django/shortcuts.py", line 25, in render
    content = loader.render_to_string(template_name, context, request, using=using)
              ^^^^^^^^^^^^^^^^^^^^^^^^^^^^^^^^^^^^^^^^^^^^^^^^^^^^^^^^^^^^^^^^^^^^^
  File "/home/kryakzenpuk/MyPyCharmProjects/steam_tracker/.venv/lib/python3.12/site-packages/django/template/loader.py", line 62, in render_to_string
    return template.render(context, request)
           ^^^^^^^^^^^^^^^^^^^^^^^^^^^^^^^^^
  File "/home/kryakzenpuk/MyPyCharmProjects/steam_tracker/.venv/lib/python3.12/site-packages/django/template/backends/django.py", line 107, in render
    return self.template.render(context)
           ^^^^^^^^^^^^^^^^^^^^^^^^^^^^^
  File "/home/kryakzenpuk/MyPyCharmProjects/steam_tracker/.venv/lib/python3.12/site-packages/django/template/base.py", line 174, in render
    return self._render(context)
           ^^^^^^^^^^^^^^^^^^^^^
  File "/home/kryakzenpuk/MyPyCharmProjects/steam_tracker/.venv/lib/python3.12/site-packages/django/template/base.py", line 166, in _render
    return self.nodelist.render(context)
           ^^^^^^^^^^^^^^^^^^^^^^^^^^^^^
  File "/home/kryakzenpuk/MyPyCharmProjects/steam_tracker/.venv/lib/python3.12/site-packages/django/template/base.py", line 1091, in render
    return SafeString("".join([node.render_annotated(context) for node in self]))
                               ^^^^^^^^^^^^^^^^^^^^^^^^^^^^^^
  File "/home/kryakzenpuk/MyPyCharmProjects/steam_tracker/.venv/lib/python3.12/site-packages/django/template/base.py", line 1052, in render_annotated
    return self.render(context)
           ^^^^^^^^^^^^^^^^^^^^
  File "/home/kryakzenpuk/MyPyCharmProjects/steam_tracker/.venv/lib/python3.12/site-packages/django/template/defaulttags.py", line 511, in render
    url = reverse(view_name, args=args, kwargs=kwargs, current_app=current_app)
          ^^^^^^^^^^^^^^^^^^^^^^^^^^^^^^^^^^^^^^^^^^^^^^^^^^^^^^^^^^^^^^^^^^^^^
  File "/home/kryakzenpuk/MyPyCharmProjects/steam_tracker/.venv/lib/python3.12/site-packages/django/urls/base.py", line 98, in reverse
    resolved_url = resolver._reverse_with_prefix(view, prefix, *args, **kwargs)
                   ^^^^^^^^^^^^^^^^^^^^^^^^^^^^^^^^^^^^^^^^^^^^^^^^^^^^^^^^^^^^
  File "/home/kryakzenpuk/MyPyCharmProjects/steam_tracker/.venv/lib/python3.12/site-packages/django/urls/resolvers.py", line 842, in _reverse_with_prefix
    raise NoReverseMatch(msg)
django.urls.exceptions.NoReverseMatch: Reverse for 'parse_games' not found. 'parse_games' is not a valid view function or pattern name.
2026-07-25 22:54:57,370 - ERROR - log - "GET / HTTP/1.1" 500 123897
2026-07-25 22:54:57,395 - WARNING - log - Not Found: /favicon.ico
2026-07-25 22:54:57,397 - WARNING - log - "GET /favicon.ico HTTP/1.1" 404 2459
2026-07-25 22:54:57,517 - INFO - views - 📊 Запрошена страница со списком игр. Всего игр: 100
2026-07-25 22:54:57,519 - INFO - views - 📄 Отображена страница 1 из 5
2026-07-25 22:54:57,541 - ERROR - log - Internal Server Error: /
Traceback (most recent call last):
  File "/home/kryakzenpuk/MyPyCharmProjects/steam_tracker/.venv/lib/python3.12/site-packages/django/core/handlers/exception.py", line 55, in inner
    response = get_response(request)
               ^^^^^^^^^^^^^^^^^^^^^
  File "/home/kryakzenpuk/MyPyCharmProjects/steam_tracker/.venv/lib/python3.12/site-packages/django/core/handlers/base.py", line 198, in _get_response
    response = wrapped_callback(request, *callback_args, **callback_kwargs)
               ^^^^^^^^^^^^^^^^^^^^^^^^^^^^^^^^^^^^^^^^^^^^^^^^^^^^^^^^^^^^
  File "/home/kryakzenpuk/MyPyCharmProjects/steam_tracker/tracker/views.py", line 36, in game_list
    return render(request, "tracker/game_list.html", context)
           ^^^^^^^^^^^^^^^^^^^^^^^^^^^^^^^^^^^^^^^^^^^^^^^^^^
  File "/home/kryakzenpuk/MyPyCharmProjects/steam_tracker/.venv/lib/python3.12/site-packages/django/shortcuts.py", line 25, in render
    content = loader.render_to_string(template_name, context, request, using=using)
              ^^^^^^^^^^^^^^^^^^^^^^^^^^^^^^^^^^^^^^^^^^^^^^^^^^^^^^^^^^^^^^^^^^^^^
  File "/home/kryakzenpuk/MyPyCharmProjects/steam_tracker/.venv/lib/python3.12/site-packages/django/template/loader.py", line 62, in render_to_string
    return template.render(context, request)
           ^^^^^^^^^^^^^^^^^^^^^^^^^^^^^^^^^
  File "/home/kryakzenpuk/MyPyCharmProjects/steam_tracker/.venv/lib/python3.12/site-packages/django/template/backends/django.py", line 107, in render
    return self.template.render(context)
           ^^^^^^^^^^^^^^^^^^^^^^^^^^^^^
  File "/home/kryakzenpuk/MyPyCharmProjects/steam_tracker/.venv/lib/python3.12/site-packages/django/template/base.py", line 174, in render
    return self._render(context)
           ^^^^^^^^^^^^^^^^^^^^^
  File "/home/kryakzenpuk/MyPyCharmProjects/steam_tracker/.venv/lib/python3.12/site-packages/django/template/base.py", line 166, in _render
    return self.nodelist.render(context)
           ^^^^^^^^^^^^^^^^^^^^^^^^^^^^^
  File "/home/kryakzenpuk/MyPyCharmProjects/steam_tracker/.venv/lib/python3.12/site-packages/django/template/base.py", line 1091, in render
    return SafeString("".join([node.render_annotated(context) for node in self]))
                               ^^^^^^^^^^^^^^^^^^^^^^^^^^^^^^
  File "/home/kryakzenpuk/MyPyCharmProjects/steam_tracker/.venv/lib/python3.12/site-packages/django/template/base.py", line 1052, in render_annotated
    return self.render(context)
           ^^^^^^^^^^^^^^^^^^^^
  File "/home/kryakzenpuk/MyPyCharmProjects/steam_tracker/.venv/lib/python3.12/site-packages/django/template/defaulttags.py", line 511, in render
    url = reverse(view_name, args=args, kwargs=kwargs, current_app=current_app)
          ^^^^^^^^^^^^^^^^^^^^^^^^^^^^^^^^^^^^^^^^^^^^^^^^^^^^^^^^^^^^^^^^^^^^^
  File "/home/kryakzenpuk/MyPyCharmProjects/steam_tracker/.venv/lib/python3.12/site-packages/django/urls/base.py", line 98, in reverse
    resolved_url = resolver._reverse_with_prefix(view, prefix, *args, **kwargs)
                   ^^^^^^^^^^^^^^^^^^^^^^^^^^^^^^^^^^^^^^^^^^^^^^^^^^^^^^^^^^^^
  File "/home/kryakzenpuk/MyPyCharmProjects/steam_tracker/.venv/lib/python3.12/site-packages/django/urls/resolvers.py", line 842, in _reverse_with_prefix
    raise NoReverseMatch(msg)
django.urls.exceptions.NoReverseMatch: Reverse for 'parse_games' not found. 'parse_games' is not a valid view function or pattern name.
2026-07-25 22:54:57,542 - ERROR - log - "GET / HTTP/1.1" 500 123897
2026-07-25 22:54:57,579 - WARNING - log - Not Found: /favicon.ico
2026-07-25 22:54:57,580 - WARNING - log - "GET /favicon.ico HTTP/1.1" 404 2459
2026-07-25 22:54:57,681 - INFO - views - 📊 Запрошена страница со списком игр. Всего игр: 100
2026-07-25 22:54:57,683 - INFO - views - 📄 Отображена страница 1 из 5
2026-07-25 22:54:57,704 - ERROR - log - Internal Server Error: /
Traceback (most recent call last):
  File "/home/kryakzenpuk/MyPyCharmProjects/steam_tracker/.venv/lib/python3.12/site-packages/django/core/handlers/exception.py", line 55, in inner
    response = get_response(request)
               ^^^^^^^^^^^^^^^^^^^^^
  File "/home/kryakzenpuk/MyPyCharmProjects/steam_tracker/.venv/lib/python3.12/site-packages/django/core/handlers/base.py", line 198, in _get_response
    response = wrapped_callback(request, *callback_args, **callback_kwargs)
               ^^^^^^^^^^^^^^^^^^^^^^^^^^^^^^^^^^^^^^^^^^^^^^^^^^^^^^^^^^^^
  File "/home/kryakzenpuk/MyPyCharmProjects/steam_tracker/tracker/views.py", line 36, in game_list
    return render(request, "tracker/game_list.html", context)
           ^^^^^^^^^^^^^^^^^^^^^^^^^^^^^^^^^^^^^^^^^^^^^^^^^^
  File "/home/kryakzenpuk/MyPyCharmProjects/steam_tracker/.venv/lib/python3.12/site-packages/django/shortcuts.py", line 25, in render
    content = loader.render_to_string(template_name, context, request, using=using)
              ^^^^^^^^^^^^^^^^^^^^^^^^^^^^^^^^^^^^^^^^^^^^^^^^^^^^^^^^^^^^^^^^^^^^^
  File "/home/kryakzenpuk/MyPyCharmProjects/steam_tracker/.venv/lib/python3.12/site-packages/django/template/loader.py", line 62, in render_to_string
    return template.render(context, request)
           ^^^^^^^^^^^^^^^^^^^^^^^^^^^^^^^^^
  File "/home/kryakzenpuk/MyPyCharmProjects/steam_tracker/.venv/lib/python3.12/site-packages/django/template/backends/django.py", line 107, in render
    return self.template.render(context)
           ^^^^^^^^^^^^^^^^^^^^^^^^^^^^^
  File "/home/kryakzenpuk/MyPyCharmProjects/steam_tracker/.venv/lib/python3.12/site-packages/django/template/base.py", line 174, in render
    return self._render(context)
           ^^^^^^^^^^^^^^^^^^^^^
  File "/home/kryakzenpuk/MyPyCharmProjects/steam_tracker/.venv/lib/python3.12/site-packages/django/template/base.py", line 166, in _render
    return self.nodelist.render(context)
           ^^^^^^^^^^^^^^^^^^^^^^^^^^^^^
  File "/home/kryakzenpuk/MyPyCharmProjects/steam_tracker/.venv/lib/python3.12/site-packages/django/template/base.py", line 1091, in render
    return SafeString("".join([node.render_annotated(context) for node in self]))
                               ^^^^^^^^^^^^^^^^^^^^^^^^^^^^^^
  File "/home/kryakzenpuk/MyPyCharmProjects/steam_tracker/.venv/lib/python3.12/site-packages/django/template/base.py", line 1052, in render_annotated
    return self.render(context)
           ^^^^^^^^^^^^^^^^^^^^
  File "/home/kryakzenpuk/MyPyCharmProjects/steam_tracker/.venv/lib/python3.12/site-packages/django/template/defaulttags.py", line 511, in render
    url = reverse(view_name, args=args, kwargs=kwargs, current_app=current_app)
          ^^^^^^^^^^^^^^^^^^^^^^^^^^^^^^^^^^^^^^^^^^^^^^^^^^^^^^^^^^^^^^^^^^^^^
  File "/home/kryakzenpuk/MyPyCharmProjects/steam_tracker/.venv/lib/python3.12/site-packages/django/urls/base.py", line 98, in reverse
    resolved_url = resolver._reverse_with_prefix(view, prefix, *args, **kwargs)
                   ^^^^^^^^^^^^^^^^^^^^^^^^^^^^^^^^^^^^^^^^^^^^^^^^^^^^^^^^^^^^
  File "/home/kryakzenpuk/MyPyCharmProjects/steam_tracker/.venv/lib/python3.12/site-packages/django/urls/resolvers.py", line 842, in _reverse_with_prefix
    raise NoReverseMatch(msg)
django.urls.exceptions.NoReverseMatch: Reverse for 'parse_games' not found. 'parse_games' is not a valid view function or pattern name.
2026-07-25 22:54:57,706 - ERROR - log - "GET / HTTP/1.1" 500 123897
2026-07-25 22:54:57,727 - WARNING - log - Not Found: /favicon.ico
2026-07-25 22:54:57,728 - WARNING - log - "GET /favicon.ico HTTP/1.1" 404 2459
2026-07-25 22:54:57,873 - INFO - views - 📊 Запрошена страница со списком игр. Всего игр: 100
2026-07-25 22:54:57,874 - INFO - views - 📄 Отображена страница 1 из 5
2026-07-25 22:54:57,897 - ERROR - log - Internal Server Error: /
Traceback (most recent call last):
  File "/home/kryakzenpuk/MyPyCharmProjects/steam_tracker/.venv/lib/python3.12/site-packages/django/core/handlers/exception.py", line 55, in inner
    response = get_response(request)
               ^^^^^^^^^^^^^^^^^^^^^
  File "/home/kryakzenpuk/MyPyCharmProjects/steam_tracker/.venv/lib/python3.12/site-packages/django/core/handlers/base.py", line 198, in _get_response
    response = wrapped_callback(request, *callback_args, **callback_kwargs)
               ^^^^^^^^^^^^^^^^^^^^^^^^^^^^^^^^^^^^^^^^^^^^^^^^^^^^^^^^^^^^
  File "/home/kryakzenpuk/MyPyCharmProjects/steam_tracker/tracker/views.py", line 36, in game_list
    return render(request, "tracker/game_list.html", context)
           ^^^^^^^^^^^^^^^^^^^^^^^^^^^^^^^^^^^^^^^^^^^^^^^^^^
  File "/home/kryakzenpuk/MyPyCharmProjects/steam_tracker/.venv/lib/python3.12/site-packages/django/shortcuts.py", line 25, in render
    content = loader.render_to_string(template_name, context, request, using=using)
              ^^^^^^^^^^^^^^^^^^^^^^^^^^^^^^^^^^^^^^^^^^^^^^^^^^^^^^^^^^^^^^^^^^^^^
  File "/home/kryakzenpuk/MyPyCharmProjects/steam_tracker/.venv/lib/python3.12/site-packages/django/template/loader.py", line 62, in render_to_string
    return template.render(context, request)
           ^^^^^^^^^^^^^^^^^^^^^^^^^^^^^^^^^
  File "/home/kryakzenpuk/MyPyCharmProjects/steam_tracker/.venv/lib/python3.12/site-packages/django/template/backends/django.py", line 107, in render
    return self.template.render(context)
           ^^^^^^^^^^^^^^^^^^^^^^^^^^^^^
  File "/home/kryakzenpuk/MyPyCharmProjects/steam_tracker/.venv/lib/python3.12/site-packages/django/template/base.py", line 174, in render
    return self._render(context)
           ^^^^^^^^^^^^^^^^^^^^^
  File "/home/kryakzenpuk/MyPyCharmProjects/steam_tracker/.venv/lib/python3.12/site-packages/django/template/base.py", line 166, in _render
    return self.nodelist.render(context)
           ^^^^^^^^^^^^^^^^^^^^^^^^^^^^^
  File "/home/kryakzenpuk/MyPyCharmProjects/steam_tracker/.venv/lib/python3.12/site-packages/django/template/base.py", line 1091, in render
    return SafeString("".join([node.render_annotated(context) for node in self]))
                               ^^^^^^^^^^^^^^^^^^^^^^^^^^^^^^
  File "/home/kryakzenpuk/MyPyCharmProjects/steam_tracker/.venv/lib/python3.12/site-packages/django/template/base.py", line 1052, in render_annotated
    return self.render(context)
           ^^^^^^^^^^^^^^^^^^^^
  File "/home/kryakzenpuk/MyPyCharmProjects/steam_tracker/.venv/lib/python3.12/site-packages/django/template/defaulttags.py", line 511, in render
    url = reverse(view_name, args=args, kwargs=kwargs, current_app=current_app)
          ^^^^^^^^^^^^^^^^^^^^^^^^^^^^^^^^^^^^^^^^^^^^^^^^^^^^^^^^^^^^^^^^^^^^^
  File "/home/kryakzenpuk/MyPyCharmProjects/steam_tracker/.venv/lib/python3.12/site-packages/django/urls/base.py", line 98, in reverse
    resolved_url = resolver._reverse_with_prefix(view, prefix, *args, **kwargs)
                   ^^^^^^^^^^^^^^^^^^^^^^^^^^^^^^^^^^^^^^^^^^^^^^^^^^^^^^^^^^^^
  File "/home/kryakzenpuk/MyPyCharmProjects/steam_tracker/.venv/lib/python3.12/site-packages/django/urls/resolvers.py", line 842, in _reverse_with_prefix
    raise NoReverseMatch(msg)
django.urls.exceptions.NoReverseMatch: Reverse for 'parse_games' not found. 'parse_games' is not a valid view function or pattern name.
2026-07-25 22:54:57,898 - ERROR - log - "GET / HTTP/1.1" 500 123897
2026-07-25 22:54:57,921 - WARNING - log - Not Found: /favicon.ico
2026-07-25 22:54:57,922 - WARNING - log - "GET /favicon.ico HTTP/1.1" 404 2459
2026-07-25 22:54:58,047 - INFO - views - 📊 Запрошена страница со списком игр. Всего игр: 100
2026-07-25 22:54:58,049 - INFO - views - 📄 Отображена страница 1 из 5
2026-07-25 22:54:58,072 - ERROR - log - Internal Server Error: /
Traceback (most recent call last):
  File "/home/kryakzenpuk/MyPyCharmProjects/steam_tracker/.venv/lib/python3.12/site-packages/django/core/handlers/exception.py", line 55, in inner
    response = get_response(request)
               ^^^^^^^^^^^^^^^^^^^^^
  File "/home/kryakzenpuk/MyPyCharmProjects/steam_tracker/.venv/lib/python3.12/site-packages/django/core/handlers/base.py", line 198, in _get_response
    response = wrapped_callback(request, *callback_args, **callback_kwargs)
               ^^^^^^^^^^^^^^^^^^^^^^^^^^^^^^^^^^^^^^^^^^^^^^^^^^^^^^^^^^^^
  File "/home/kryakzenpuk/MyPyCharmProjects/steam_tracker/tracker/views.py", line 36, in game_list
    return render(request, "tracker/game_list.html", context)
           ^^^^^^^^^^^^^^^^^^^^^^^^^^^^^^^^^^^^^^^^^^^^^^^^^^
  File "/home/kryakzenpuk/MyPyCharmProjects/steam_tracker/.venv/lib/python3.12/site-packages/django/shortcuts.py", line 25, in render
    content = loader.render_to_string(template_name, context, request, using=using)
              ^^^^^^^^^^^^^^^^^^^^^^^^^^^^^^^^^^^^^^^^^^^^^^^^^^^^^^^^^^^^^^^^^^^^^
  File "/home/kryakzenpuk/MyPyCharmProjects/steam_tracker/.venv/lib/python3.12/site-packages/django/template/loader.py", line 62, in render_to_string
    return template.render(context, request)
           ^^^^^^^^^^^^^^^^^^^^^^^^^^^^^^^^^
  File "/home/kryakzenpuk/MyPyCharmProjects/steam_tracker/.venv/lib/python3.12/site-packages/django/template/backends/django.py", line 107, in render
    return self.template.render(context)
           ^^^^^^^^^^^^^^^^^^^^^^^^^^^^^
  File "/home/kryakzenpuk/MyPyCharmProjects/steam_tracker/.venv/lib/python3.12/site-packages/django/template/base.py", line 174, in render
    return self._render(context)
           ^^^^^^^^^^^^^^^^^^^^^
  File "/home/kryakzenpuk/MyPyCharmProjects/steam_tracker/.venv/lib/python3.12/site-packages/django/template/base.py", line 166, in _render
    return self.nodelist.render(context)
           ^^^^^^^^^^^^^^^^^^^^^^^^^^^^^
  File "/home/kryakzenpuk/MyPyCharmProjects/steam_tracker/.venv/lib/python3.12/site-packages/django/template/base.py", line 1091, in render
    return SafeString("".join([node.render_annotated(context) for node in self]))
                               ^^^^^^^^^^^^^^^^^^^^^^^^^^^^^^
  File "/home/kryakzenpuk/MyPyCharmProjects/steam_tracker/.venv/lib/python3.12/site-packages/django/template/base.py", line 1052, in render_annotated
    return self.render(context)
           ^^^^^^^^^^^^^^^^^^^^
  File "/home/kryakzenpuk/MyPyCharmProjects/steam_tracker/.venv/lib/python3.12/site-packages/django/template/defaulttags.py", line 511, in render
    url = reverse(view_name, args=args, kwargs=kwargs, current_app=current_app)
          ^^^^^^^^^^^^^^^^^^^^^^^^^^^^^^^^^^^^^^^^^^^^^^^^^^^^^^^^^^^^^^^^^^^^^
  File "/home/kryakzenpuk/MyPyCharmProjects/steam_tracker/.venv/lib/python3.12/site-packages/django/urls/base.py", line 98, in reverse
    resolved_url = resolver._reverse_with_prefix(view, prefix, *args, **kwargs)
                   ^^^^^^^^^^^^^^^^^^^^^^^^^^^^^^^^^^^^^^^^^^^^^^^^^^^^^^^^^^^^
  File "/home/kryakzenpuk/MyPyCharmProjects/steam_tracker/.venv/lib/python3.12/site-packages/django/urls/resolvers.py", line 842, in _reverse_with_prefix
    raise NoReverseMatch(msg)
django.urls.exceptions.NoReverseMatch: Reverse for 'parse_games' not found. 'parse_games' is not a valid view function or pattern name.
2026-07-25 22:54:58,073 - ERROR - log - "GET / HTTP/1.1" 500 123897
2026-07-25 22:54:58,095 - WARNING - log - Not Found: /favicon.ico
2026-07-25 22:54:58,096 - WARNING - log - "GET /favicon.ico HTTP/1.1" 404 2459
2026-07-25 22:54:58,257 - INFO - views - 📊 Запрошена страница со списком игр. Всего игр: 100
2026-07-25 22:54:58,258 - INFO - views - 📄 Отображена страница 1 из 5
2026-07-25 22:54:58,281 - ERROR - log - Internal Server Error: /
Traceback (most recent call last):
  File "/home/kryakzenpuk/MyPyCharmProjects/steam_tracker/.venv/lib/python3.12/site-packages/django/core/handlers/exception.py", line 55, in inner
    response = get_response(request)
               ^^^^^^^^^^^^^^^^^^^^^
  File "/home/kryakzenpuk/MyPyCharmProjects/steam_tracker/.venv/lib/python3.12/site-packages/django/core/handlers/base.py", line 198, in _get_response
    response = wrapped_callback(request, *callback_args, **callback_kwargs)
               ^^^^^^^^^^^^^^^^^^^^^^^^^^^^^^^^^^^^^^^^^^^^^^^^^^^^^^^^^^^^
  File "/home/kryakzenpuk/MyPyCharmProjects/steam_tracker/tracker/views.py", line 36, in game_list
    return render(request, "tracker/game_list.html", context)
           ^^^^^^^^^^^^^^^^^^^^^^^^^^^^^^^^^^^^^^^^^^^^^^^^^^
  File "/home/kryakzenpuk/MyPyCharmProjects/steam_tracker/.venv/lib/python3.12/site-packages/django/shortcuts.py", line 25, in render
    content = loader.render_to_string(template_name, context, request, using=using)
              ^^^^^^^^^^^^^^^^^^^^^^^^^^^^^^^^^^^^^^^^^^^^^^^^^^^^^^^^^^^^^^^^^^^^^
  File "/home/kryakzenpuk/MyPyCharmProjects/steam_tracker/.venv/lib/python3.12/site-packages/django/template/loader.py", line 62, in render_to_string
    return template.render(context, request)
           ^^^^^^^^^^^^^^^^^^^^^^^^^^^^^^^^^
  File "/home/kryakzenpuk/MyPyCharmProjects/steam_tracker/.venv/lib/python3.12/site-packages/django/template/backends/django.py", line 107, in render
    return self.template.render(context)
           ^^^^^^^^^^^^^^^^^^^^^^^^^^^^^
  File "/home/kryakzenpuk/MyPyCharmProjects/steam_tracker/.venv/lib/python3.12/site-packages/django/template/base.py", line 174, in render
    return self._render(context)
           ^^^^^^^^^^^^^^^^^^^^^
  File "/home/kryakzenpuk/MyPyCharmProjects/steam_tracker/.venv/lib/python3.12/site-packages/django/template/base.py", line 166, in _render
    return self.nodelist.render(context)
           ^^^^^^^^^^^^^^^^^^^^^^^^^^^^^
  File "/home/kryakzenpuk/MyPyCharmProjects/steam_tracker/.venv/lib/python3.12/site-packages/django/template/base.py", line 1091, in render
    return SafeString("".join([node.render_annotated(context) for node in self]))
                               ^^^^^^^^^^^^^^^^^^^^^^^^^^^^^^
  File "/home/kryakzenpuk/MyPyCharmProjects/steam_tracker/.venv/lib/python3.12/site-packages/django/template/base.py", line 1052, in render_annotated
    return self.render(context)
           ^^^^^^^^^^^^^^^^^^^^
  File "/home/kryakzenpuk/MyPyCharmProjects/steam_tracker/.venv/lib/python3.12/site-packages/django/template/defaulttags.py", line 511, in render
    url = reverse(view_name, args=args, kwargs=kwargs, current_app=current_app)
          ^^^^^^^^^^^^^^^^^^^^^^^^^^^^^^^^^^^^^^^^^^^^^^^^^^^^^^^^^^^^^^^^^^^^^
  File "/home/kryakzenpuk/MyPyCharmProjects/steam_tracker/.venv/lib/python3.12/site-packages/django/urls/base.py", line 98, in reverse
    resolved_url = resolver._reverse_with_prefix(view, prefix, *args, **kwargs)
                   ^^^^^^^^^^^^^^^^^^^^^^^^^^^^^^^^^^^^^^^^^^^^^^^^^^^^^^^^^^^^
  File "/home/kryakzenpuk/MyPyCharmProjects/steam_tracker/.venv/lib/python3.12/site-packages/django/urls/resolvers.py", line 842, in _reverse_with_prefix
    raise NoReverseMatch(msg)
django.urls.exceptions.NoReverseMatch: Reverse for 'parse_games' not found. 'parse_games' is not a valid view function or pattern name.
2026-07-25 22:54:58,283 - ERROR - log - "GET / HTTP/1.1" 500 123897
2026-07-25 22:54:58,308 - WARNING - log - Not Found: /favicon.ico
2026-07-25 22:54:58,308 - WARNING - log - "GET /favicon.ico HTTP/1.1" 404 2459
2026-07-25 22:54:58,442 - INFO - views - 📊 Запрошена страница со списком игр. Всего игр: 100
2026-07-25 22:54:58,443 - INFO - views - 📄 Отображена страница 1 из 5
2026-07-25 22:54:58,466 - ERROR - log - Internal Server Error: /
Traceback (most recent call last):
  File "/home/kryakzenpuk/MyPyCharmProjects/steam_tracker/.venv/lib/python3.12/site-packages/django/core/handlers/exception.py", line 55, in inner
    response = get_response(request)
               ^^^^^^^^^^^^^^^^^^^^^
  File "/home/kryakzenpuk/MyPyCharmProjects/steam_tracker/.venv/lib/python3.12/site-packages/django/core/handlers/base.py", line 198, in _get_response
    response = wrapped_callback(request, *callback_args, **callback_kwargs)
               ^^^^^^^^^^^^^^^^^^^^^^^^^^^^^^^^^^^^^^^^^^^^^^^^^^^^^^^^^^^^
  File "/home/kryakzenpuk/MyPyCharmProjects/steam_tracker/tracker/views.py", line 36, in game_list
    return render(request, "tracker/game_list.html", context)
           ^^^^^^^^^^^^^^^^^^^^^^^^^^^^^^^^^^^^^^^^^^^^^^^^^^
  File "/home/kryakzenpuk/MyPyCharmProjects/steam_tracker/.venv/lib/python3.12/site-packages/django/shortcuts.py", line 25, in render
    content = loader.render_to_string(template_name, context, request, using=using)
              ^^^^^^^^^^^^^^^^^^^^^^^^^^^^^^^^^^^^^^^^^^^^^^^^^^^^^^^^^^^^^^^^^^^^^
  File "/home/kryakzenpuk/MyPyCharmProjects/steam_tracker/.venv/lib/python3.12/site-packages/django/template/loader.py", line 62, in render_to_string
    return template.render(context, request)
           ^^^^^^^^^^^^^^^^^^^^^^^^^^^^^^^^^
  File "/home/kryakzenpuk/MyPyCharmProjects/steam_tracker/.venv/lib/python3.12/site-packages/django/template/backends/django.py", line 107, in render
    return self.template.render(context)
           ^^^^^^^^^^^^^^^^^^^^^^^^^^^^^
  File "/home/kryakzenpuk/MyPyCharmProjects/steam_tracker/.venv/lib/python3.12/site-packages/django/template/base.py", line 174, in render
    return self._render(context)
           ^^^^^^^^^^^^^^^^^^^^^
  File "/home/kryakzenpuk/MyPyCharmProjects/steam_tracker/.venv/lib/python3.12/site-packages/django/template/base.py", line 166, in _render
    return self.nodelist.render(context)
           ^^^^^^^^^^^^^^^^^^^^^^^^^^^^^
  File "/home/kryakzenpuk/MyPyCharmProjects/steam_tracker/.venv/lib/python3.12/site-packages/django/template/base.py", line 1091, in render
    return SafeString("".join([node.render_annotated(context) for node in self]))
                               ^^^^^^^^^^^^^^^^^^^^^^^^^^^^^^
  File "/home/kryakzenpuk/MyPyCharmProjects/steam_tracker/.venv/lib/python3.12/site-packages/django/template/base.py", line 1052, in render_annotated
    return self.render(context)
           ^^^^^^^^^^^^^^^^^^^^
  File "/home/kryakzenpuk/MyPyCharmProjects/steam_tracker/.venv/lib/python3.12/site-packages/django/template/defaulttags.py", line 511, in render
    url = reverse(view_name, args=args, kwargs=kwargs, current_app=current_app)
          ^^^^^^^^^^^^^^^^^^^^^^^^^^^^^^^^^^^^^^^^^^^^^^^^^^^^^^^^^^^^^^^^^^^^^
  File "/home/kryakzenpuk/MyPyCharmProjects/steam_tracker/.venv/lib/python3.12/site-packages/django/urls/base.py", line 98, in reverse
    resolved_url = resolver._reverse_with_prefix(view, prefix, *args, **kwargs)
                   ^^^^^^^^^^^^^^^^^^^^^^^^^^^^^^^^^^^^^^^^^^^^^^^^^^^^^^^^^^^^
  File "/home/kryakzenpuk/MyPyCharmProjects/steam_tracker/.venv/lib/python3.12/site-packages/django/urls/resolvers.py", line 842, in _reverse_with_prefix
    raise NoReverseMatch(msg)
django.urls.exceptions.NoReverseMatch: Reverse for 'parse_games' not found. 'parse_games' is not a valid view function or pattern name.
2026-07-25 22:54:58,468 - ERROR - log - "GET / HTTP/1.1" 500 123897
2026-07-25 22:54:58,490 - WARNING - log - Not Found: /favicon.ico
2026-07-25 22:54:58,490 - WARNING - log - "GET /favicon.ico HTTP/1.1" 404 2459
2026-07-25 22:54:58,629 - INFO - views - 📊 Запрошена страница со списком игр. Всего игр: 100
2026-07-25 22:54:58,631 - INFO - views - 📄 Отображена страница 1 из 5
2026-07-25 22:54:58,653 - ERROR - log - Internal Server Error: /
Traceback (most recent call last):
  File "/home/kryakzenpuk/MyPyCharmProjects/steam_tracker/.venv/lib/python3.12/site-packages/django/core/handlers/exception.py", line 55, in inner
    response = get_response(request)
               ^^^^^^^^^^^^^^^^^^^^^
  File "/home/kryakzenpuk/MyPyCharmProjects/steam_tracker/.venv/lib/python3.12/site-packages/django/core/handlers/base.py", line 198, in _get_response
    response = wrapped_callback(request, *callback_args, **callback_kwargs)
               ^^^^^^^^^^^^^^^^^^^^^^^^^^^^^^^^^^^^^^^^^^^^^^^^^^^^^^^^^^^^
  File "/home/kryakzenpuk/MyPyCharmProjects/steam_tracker/tracker/views.py", line 36, in game_list
    return render(request, "tracker/game_list.html", context)
           ^^^^^^^^^^^^^^^^^^^^^^^^^^^^^^^^^^^^^^^^^^^^^^^^^^
  File "/home/kryakzenpuk/MyPyCharmProjects/steam_tracker/.venv/lib/python3.12/site-packages/django/shortcuts.py", line 25, in render
    content = loader.render_to_string(template_name, context, request, using=using)
              ^^^^^^^^^^^^^^^^^^^^^^^^^^^^^^^^^^^^^^^^^^^^^^^^^^^^^^^^^^^^^^^^^^^^^
  File "/home/kryakzenpuk/MyPyCharmProjects/steam_tracker/.venv/lib/python3.12/site-packages/django/template/loader.py", line 62, in render_to_string
    return template.render(context, request)
           ^^^^^^^^^^^^^^^^^^^^^^^^^^^^^^^^^
  File "/home/kryakzenpuk/MyPyCharmProjects/steam_tracker/.venv/lib/python3.12/site-packages/django/template/backends/django.py", line 107, in render
    return self.template.render(context)
           ^^^^^^^^^^^^^^^^^^^^^^^^^^^^^
  File "/home/kryakzenpuk/MyPyCharmProjects/steam_tracker/.venv/lib/python3.12/site-packages/django/template/base.py", line 174, in render
    return self._render(context)
           ^^^^^^^^^^^^^^^^^^^^^
  File "/home/kryakzenpuk/MyPyCharmProjects/steam_tracker/.venv/lib/python3.12/site-packages/django/template/base.py", line 166, in _render
    return self.nodelist.render(context)
           ^^^^^^^^^^^^^^^^^^^^^^^^^^^^^
  File "/home/kryakzenpuk/MyPyCharmProjects/steam_tracker/.venv/lib/python3.12/site-packages/django/template/base.py", line 1091, in render
    return SafeString("".join([node.render_annotated(context) for node in self]))
                               ^^^^^^^^^^^^^^^^^^^^^^^^^^^^^^
  File "/home/kryakzenpuk/MyPyCharmProjects/steam_tracker/.venv/lib/python3.12/site-packages/django/template/base.py", line 1052, in render_annotated
    return self.render(context)
           ^^^^^^^^^^^^^^^^^^^^
  File "/home/kryakzenpuk/MyPyCharmProjects/steam_tracker/.venv/lib/python3.12/site-packages/django/template/defaulttags.py", line 511, in render
    url = reverse(view_name, args=args, kwargs=kwargs, current_app=current_app)
          ^^^^^^^^^^^^^^^^^^^^^^^^^^^^^^^^^^^^^^^^^^^^^^^^^^^^^^^^^^^^^^^^^^^^^
  File "/home/kryakzenpuk/MyPyCharmProjects/steam_tracker/.venv/lib/python3.12/site-packages/django/urls/base.py", line 98, in reverse
    resolved_url = resolver._reverse_with_prefix(view, prefix, *args, **kwargs)
                   ^^^^^^^^^^^^^^^^^^^^^^^^^^^^^^^^^^^^^^^^^^^^^^^^^^^^^^^^^^^^
  File "/home/kryakzenpuk/MyPyCharmProjects/steam_tracker/.venv/lib/python3.12/site-packages/django/urls/resolvers.py", line 842, in _reverse_with_prefix
    raise NoReverseMatch(msg)
django.urls.exceptions.NoReverseMatch: Reverse for 'parse_games' not found. 'parse_games' is not a valid view function or pattern name.
2026-07-25 22:54:58,654 - ERROR - log - "GET / HTTP/1.1" 500 123897
2026-07-25 22:54:58,678 - WARNING - log - Not Found: /favicon.ico
2026-07-25 22:54:58,678 - WARNING - log - "GET /favicon.ico HTTP/1.1" 404 2459
2026-07-25 22:54:58,804 - INFO - views - 📊 Запрошена страница со списком игр. Всего игр: 100
2026-07-25 22:54:58,806 - INFO - views - 📄 Отображена страница 1 из 5
2026-07-25 22:54:58,828 - ERROR - log - Internal Server Error: /
Traceback (most recent call last):
  File "/home/kryakzenpuk/MyPyCharmProjects/steam_tracker/.venv/lib/python3.12/site-packages/django/core/handlers/exception.py", line 55, in inner
    response = get_response(request)
               ^^^^^^^^^^^^^^^^^^^^^
  File "/home/kryakzenpuk/MyPyCharmProjects/steam_tracker/.venv/lib/python3.12/site-packages/django/core/handlers/base.py", line 198, in _get_response
    response = wrapped_callback(request, *callback_args, **callback_kwargs)
               ^^^^^^^^^^^^^^^^^^^^^^^^^^^^^^^^^^^^^^^^^^^^^^^^^^^^^^^^^^^^
  File "/home/kryakzenpuk/MyPyCharmProjects/steam_tracker/tracker/views.py", line 36, in game_list
    return render(request, "tracker/game_list.html", context)
           ^^^^^^^^^^^^^^^^^^^^^^^^^^^^^^^^^^^^^^^^^^^^^^^^^^
  File "/home/kryakzenpuk/MyPyCharmProjects/steam_tracker/.venv/lib/python3.12/site-packages/django/shortcuts.py", line 25, in render
    content = loader.render_to_string(template_name, context, request, using=using)
              ^^^^^^^^^^^^^^^^^^^^^^^^^^^^^^^^^^^^^^^^^^^^^^^^^^^^^^^^^^^^^^^^^^^^^
  File "/home/kryakzenpuk/MyPyCharmProjects/steam_tracker/.venv/lib/python3.12/site-packages/django/template/loader.py", line 62, in render_to_string
    return template.render(context, request)
           ^^^^^^^^^^^^^^^^^^^^^^^^^^^^^^^^^
  File "/home/kryakzenpuk/MyPyCharmProjects/steam_tracker/.venv/lib/python3.12/site-packages/django/template/backends/django.py", line 107, in render
    return self.template.render(context)
           ^^^^^^^^^^^^^^^^^^^^^^^^^^^^^
  File "/home/kryakzenpuk/MyPyCharmProjects/steam_tracker/.venv/lib/python3.12/site-packages/django/template/base.py", line 174, in render
    return self._render(context)
           ^^^^^^^^^^^^^^^^^^^^^
  File "/home/kryakzenpuk/MyPyCharmProjects/steam_tracker/.venv/lib/python3.12/site-packages/django/template/base.py", line 166, in _render
    return self.nodelist.render(context)
           ^^^^^^^^^^^^^^^^^^^^^^^^^^^^^
  File "/home/kryakzenpuk/MyPyCharmProjects/steam_tracker/.venv/lib/python3.12/site-packages/django/template/base.py", line 1091, in render
    return SafeString("".join([node.render_annotated(context) for node in self]))
                               ^^^^^^^^^^^^^^^^^^^^^^^^^^^^^^
  File "/home/kryakzenpuk/MyPyCharmProjects/steam_tracker/.venv/lib/python3.12/site-packages/django/template/base.py", line 1052, in render_annotated
    return self.render(context)
           ^^^^^^^^^^^^^^^^^^^^
  File "/home/kryakzenpuk/MyPyCharmProjects/steam_tracker/.venv/lib/python3.12/site-packages/django/template/defaulttags.py", line 511, in render
    url = reverse(view_name, args=args, kwargs=kwargs, current_app=current_app)
          ^^^^^^^^^^^^^^^^^^^^^^^^^^^^^^^^^^^^^^^^^^^^^^^^^^^^^^^^^^^^^^^^^^^^^
  File "/home/kryakzenpuk/MyPyCharmProjects/steam_tracker/.venv/lib/python3.12/site-packages/django/urls/base.py", line 98, in reverse
    resolved_url = resolver._reverse_with_prefix(view, prefix, *args, **kwargs)
                   ^^^^^^^^^^^^^^^^^^^^^^^^^^^^^^^^^^^^^^^^^^^^^^^^^^^^^^^^^^^^
  File "/home/kryakzenpuk/MyPyCharmProjects/steam_tracker/.venv/lib/python3.12/site-packages/django/urls/resolvers.py", line 842, in _reverse_with_prefix
    raise NoReverseMatch(msg)
django.urls.exceptions.NoReverseMatch: Reverse for 'parse_games' not found. 'parse_games' is not a valid view function or pattern name.
2026-07-25 22:54:58,830 - ERROR - log - "GET / HTTP/1.1" 500 123897
2026-07-25 22:54:58,851 - WARNING - log - Not Found: /favicon.ico
2026-07-25 22:54:58,851 - WARNING - log - "GET /favicon.ico HTTP/1.1" 404 2459
2026-07-25 22:56:41,017 - INFO - autoreload - Watching for file changes with StatReloader
2026-07-25 22:56:44,934 - INFO - views - 📊 Запрошена страница со списком игр. Всего игр: 100
2026-07-25 22:56:44,938 - INFO - views - 📄 Отображена страница 1 из 5
2026-07-25 22:56:44,972 - ERROR - log - Internal Server Error: /
Traceback (most recent call last):
  File "/home/kryakzenpuk/MyPyCharmProjects/steam_tracker/.venv/lib/python3.12/site-packages/django/core/handlers/exception.py", line 55, in inner
    response = get_response(request)
               ^^^^^^^^^^^^^^^^^^^^^
  File "/home/kryakzenpuk/MyPyCharmProjects/steam_tracker/.venv/lib/python3.12/site-packages/django/core/handlers/base.py", line 198, in _get_response
    response = wrapped_callback(request, *callback_args, **callback_kwargs)
               ^^^^^^^^^^^^^^^^^^^^^^^^^^^^^^^^^^^^^^^^^^^^^^^^^^^^^^^^^^^^
  File "/home/kryakzenpuk/MyPyCharmProjects/steam_tracker/tracker/views.py", line 36, in game_list
    return render(request, "tracker/game_list.html", context)
           ^^^^^^^^^^^^^^^^^^^^^^^^^^^^^^^^^^^^^^^^^^^^^^^^^^
  File "/home/kryakzenpuk/MyPyCharmProjects/steam_tracker/.venv/lib/python3.12/site-packages/django/shortcuts.py", line 25, in render
    content = loader.render_to_string(template_name, context, request, using=using)
              ^^^^^^^^^^^^^^^^^^^^^^^^^^^^^^^^^^^^^^^^^^^^^^^^^^^^^^^^^^^^^^^^^^^^^
  File "/home/kryakzenpuk/MyPyCharmProjects/steam_tracker/.venv/lib/python3.12/site-packages/django/template/loader.py", line 62, in render_to_string
    return template.render(context, request)
           ^^^^^^^^^^^^^^^^^^^^^^^^^^^^^^^^^
  File "/home/kryakzenpuk/MyPyCharmProjects/steam_tracker/.venv/lib/python3.12/site-packages/django/template/backends/django.py", line 107, in render
    return self.template.render(context)
           ^^^^^^^^^^^^^^^^^^^^^^^^^^^^^
  File "/home/kryakzenpuk/MyPyCharmProjects/steam_tracker/.venv/lib/python3.12/site-packages/django/template/base.py", line 174, in render
    return self._render(context)
           ^^^^^^^^^^^^^^^^^^^^^
  File "/home/kryakzenpuk/MyPyCharmProjects/steam_tracker/.venv/lib/python3.12/site-packages/django/template/base.py", line 166, in _render
    return self.nodelist.render(context)
           ^^^^^^^^^^^^^^^^^^^^^^^^^^^^^
  File "/home/kryakzenpuk/MyPyCharmProjects/steam_tracker/.venv/lib/python3.12/site-packages/django/template/base.py", line 1091, in render
    return SafeString("".join([node.render_annotated(context) for node in self]))
                               ^^^^^^^^^^^^^^^^^^^^^^^^^^^^^^
  File "/home/kryakzenpuk/MyPyCharmProjects/steam_tracker/.venv/lib/python3.12/site-packages/django/template/base.py", line 1052, in render_annotated
    return self.render(context)
           ^^^^^^^^^^^^^^^^^^^^
  File "/home/kryakzenpuk/MyPyCharmProjects/steam_tracker/.venv/lib/python3.12/site-packages/django/template/defaulttags.py", line 511, in render
    url = reverse(view_name, args=args, kwargs=kwargs, current_app=current_app)
          ^^^^^^^^^^^^^^^^^^^^^^^^^^^^^^^^^^^^^^^^^^^^^^^^^^^^^^^^^^^^^^^^^^^^^
  File "/home/kryakzenpuk/MyPyCharmProjects/steam_tracker/.venv/lib/python3.12/site-packages/django/urls/base.py", line 98, in reverse
    resolved_url = resolver._reverse_with_prefix(view, prefix, *args, **kwargs)
                   ^^^^^^^^^^^^^^^^^^^^^^^^^^^^^^^^^^^^^^^^^^^^^^^^^^^^^^^^^^^^
  File "/home/kryakzenpuk/MyPyCharmProjects/steam_tracker/.venv/lib/python3.12/site-packages/django/urls/resolvers.py", line 842, in _reverse_with_prefix
    raise NoReverseMatch(msg)
django.urls.exceptions.NoReverseMatch: Reverse for 'parse_games' not found. 'parse_games' is not a valid view function or pattern name.
2026-07-25 22:56:44,975 - ERROR - log - "GET / HTTP/1.1" 500 123632
2026-07-25 22:59:15,079 - INFO - parse_steam - 🚀 Начинаю парсинг Steam API
2026-07-25 22:59:15,080 - INFO - parse_steam - 📡 Отправляю запрос к SteamSpy API: https://steamspy.com/api.php?request=top100in2weeks
2026-07-25 22:59:15,293 - INFO - parse_steam - ✅ Получено 100 игр от API
2026-07-25 22:59:15,297 - INFO - parse_steam - 🎮 Сохранена игра: Counter-Strike: Global Offensive (ID: 730)
2026-07-25 22:59:15,298 - INFO - parse_steam - 🎮 Сохранена игра: Apex Legends (ID: 1172470)
2026-07-25 22:59:15,298 - INFO - parse_steam - 🎮 Сохранена игра: PUBG: BATTLEGROUNDS (ID: 578080)
2026-07-25 22:59:15,299 - INFO - parse_steam - 🎮 Сохранена игра: Palworld (ID: 1623730)
2026-07-25 22:59:15,300 - INFO - parse_steam - 🎮 Сохранена игра: Team Fortress 2 (ID: 440)
2026-07-25 22:59:15,300 - INFO - parse_steam - 🎮 Сохранена игра: Call of Duty: Modern Warfare II (ID: 1938090)
2026-07-25 22:59:15,301 - INFO - parse_steam - 🎮 Сохранена игра: New World: Aeternum (ID: 1063730)
2026-07-25 22:59:15,302 - INFO - parse_steam - 🎮 Сохранена игра: Black Myth: Wukong (ID: 2358720)
2026-07-25 22:59:15,302 - INFO - parse_steam - 🎮 Сохранена игра: Grand Theft Auto V Legacy (ID: 271590)
2026-07-25 22:59:15,303 - INFO - parse_steam - 🎮 Сохранена игра: Left 4 Dead 2 (ID: 550)
2026-07-25 22:59:15,303 - INFO - parse_steam - 🎮 Сохранена игра: Unturned (ID: 304930)
2026-07-25 22:59:15,304 - INFO - parse_steam - 🎮 Сохранена игра: Lost Ark (ID: 1599340)
2026-07-25 22:59:15,305 - INFO - parse_steam - 🎮 Сохранена игра: War Thunder (ID: 236390)
2026-07-25 22:59:15,305 - INFO - parse_steam - 🎮 Сохранена игра: Monster Hunter Wilds (ID: 2246340)
2026-07-25 22:59:15,306 - INFO - parse_steam - 🎮 Сохранена игра: HELLDIVERS 2 (ID: 553850)
2026-07-25 22:59:15,306 - INFO - parse_steam - 🎮 Сохранена игра: Warframe (ID: 230410)
2026-07-25 22:59:15,307 - INFO - parse_steam - 🎮 Сохранена игра: ELDEN RING (ID: 1245620)
2026-07-25 22:59:15,307 - INFO - parse_steam - 🎮 Сохранена игра: Terraria (ID: 105600)
2026-07-25 22:59:15,308 - INFO - parse_steam - 🎮 Сохранена игра: Path of Exile 2 (ID: 2694490)
2026-07-25 22:59:15,309 - INFO - parse_steam - 🎮 Сохранена игра: Wallpaper Engine (ID: 431960)
2026-07-25 22:59:15,309 - INFO - parse_steam - 🎮 Сохранена игра: Baldur's Gate 3 (ID: 1086940)
2026-07-25 22:59:15,310 - INFO - parse_steam - 🎮 Сохранена игра: Brawlhalla (ID: 291550)
2026-07-25 22:59:15,311 - INFO - parse_steam - 🎮 Сохранена игра: Garry's Mod (ID: 4000)
2026-07-25 22:59:15,311 - INFO - parse_steam - 🎮 Сохранена игра: Destiny 2 (ID: 1085660)
2026-07-25 22:59:15,312 - INFO - parse_steam - 🎮 Сохранена игра: Tom Clancy's Rainbow Six Siege (ID: 359550)
2026-07-25 22:59:15,313 - INFO - parse_steam - 🎮 Сохранена игра: Rust (ID: 252490)
2026-07-25 22:59:15,313 - INFO - parse_steam - 🎮 Сохранена игра: World of Warships (ID: 552990)
2026-07-25 22:59:15,314 - INFO - parse_steam - 🎮 Сохранена игра: ARK: Survival Evolved (ID: 346110)
2026-07-25 22:59:15,314 - INFO - parse_steam - 🎮 Сохранена игра: Stardew Valley (ID: 413150)
2026-07-25 22:59:15,315 - INFO - parse_steam - 🎮 Сохранена игра: The Forest (ID: 242760)
2026-07-25 22:59:15,316 - INFO - parse_steam - 🎮 Сохранена игра: War Robots: Frontiers (ID: 1491000)
2026-07-25 22:59:15,317 - INFO - parse_steam - 🎮 Сохранена игра: Path of Exile (ID: 238960)
2026-07-25 22:59:15,317 - INFO - parse_steam - 🎮 Сохранена игра: PAYDAY 2 (ID: 218620)
2026-07-25 22:59:15,318 - INFO - parse_steam - 🎮 Сохранена игра: Warface: Clutch (ID: 291480)
2026-07-25 22:59:15,319 - INFO - parse_steam - 🎮 Сохранена игра: Grand Theft Auto IV: Complete Edition (ID: 901583)
2026-07-25 22:59:15,319 - INFO - parse_steam - 🎮 Сохранена игра: Last Epoch (ID: 899770)
2026-07-25 22:59:15,320 - INFO - parse_steam - 🎮 Сохранена игра: Half-Life 2: Lost Coast (ID: 340)
2026-07-25 22:59:15,321 - INFO - parse_steam - 🎮 Сохранена игра: Cyberpunk 2077 (ID: 1091500)
2026-07-25 22:59:15,321 - INFO - parse_steam - 🎮 Сохранена игра: Dead by Daylight (ID: 381210)
2026-07-25 22:59:15,322 - INFO - parse_steam - 🎮 Сохранена игра: Hogwarts Legacy (ID: 990080)
2026-07-25 22:59:15,323 - INFO - parse_steam - 🎮 Сохранена игра: VRChat (ID: 438100)
2026-07-25 22:59:15,323 - INFO - parse_steam - 🎮 Сохранена игра: The Witcher 3: Wild Hunt (ID: 292030)
2026-07-25 22:59:15,324 - INFO - parse_steam - 🎮 Сохранена игра: Among Us (ID: 945360)
2026-07-25 22:59:15,325 - INFO - parse_steam - 🎮 Сохранена игра: Fall Guys: Ultimate Knockout (ID: 1097150)
2026-07-25 22:59:15,326 - INFO - parse_steam - 🎮 Сохранена игра: Borderlands 2 (ID: 49520)
2026-07-25 22:59:15,326 - INFO - parse_steam - 🎮 Сохранена игра: Euro Truck Simulator 2 (ID: 227300)
2026-07-25 22:59:15,327 - INFO - parse_steam - 🎮 Сохранена игра: Valheim (ID: 892970)
2026-07-25 22:59:15,328 - INFO - parse_steam - 🎮 Сохранена игра: Phasmophobia (ID: 739630)
2026-07-25 22:59:15,329 - INFO - parse_steam - 🎮 Сохранена игра: Paladins (ID: 444090)
2026-07-25 22:59:15,329 - INFO - parse_steam - 🎮 Сохранена игра: NARAKA: BLADEPOINT (ID: 1203220)
2026-07-25 22:59:15,330 - INFO - parse_steam - 🎮 Сохранена игра: Half-Life 2: Deathmatch (ID: 320)
2026-07-25 22:59:15,331 - INFO - parse_steam - 🎮 Сохранена игра: Half-Life (ID: 70)
2026-07-25 22:59:15,332 - INFO - parse_steam - 🎮 Сохранена игра: Monster Hunter: World (ID: 582010)
2026-07-25 22:59:15,333 - INFO - parse_steam - 🎮 Сохранена игра: Heroes & Generals (ID: 227940)
2026-07-25 22:59:15,333 - INFO - parse_steam - 🎮 Сохранена игра: Rocket League (ID: 252950)
2026-07-25 22:59:15,334 - INFO - parse_steam - 🎮 Сохранена игра: Project Zomboid (ID: 108600)
2026-07-25 22:59:15,335 - INFO - parse_steam - 🎮 Сохранена игра: Lethal Company (ID: 1966720)
2026-07-25 22:59:15,336 - INFO - parse_steam - 🎮 Сохранена игра: Red Dead Redemption 2 (ID: 1174180)
2026-07-25 22:59:15,337 - INFO - parse_steam - 🎮 Сохранена игра: Battlefield 2042 (ID: 1517290)
2026-07-25 22:59:15,338 - INFO - parse_steam - 🎮 Сохранена игра: Halo Infinite (ID: 1240440)
2026-07-25 22:59:15,339 - INFO - parse_steam - 🎮 Сохранена игра: Raft (ID: 648800)
2026-07-25 22:59:15,339 - INFO - parse_steam - 🎮 Сохранена игра: SMITE (ID: 386360)
2026-07-25 22:59:15,340 - INFO - parse_steam - 🎮 Сохранена игра: World of Tanks Blitz (ID: 444200)
2026-07-25 22:59:15,341 - INFO - parse_steam - 🎮 Сохранена игра: Counter-Strike (ID: 10)
2026-07-25 22:59:15,342 - INFO - parse_steam - 🎮 Сохранена игра: Counter-Strike: Source (ID: 240)
2026-07-25 22:59:15,342 - INFO - parse_steam - 🎮 Сохранена игра: Schedule I (ID: 3164500)
2026-07-25 22:59:15,343 - INFO - parse_steam - 🎮 Сохранена игра: Ring of Elysium (ID: 755790)
2026-07-25 22:59:15,344 - INFO - parse_steam - 🎮 Сохранена игра: Portal (ID: 400)
2026-07-25 22:59:15,344 - INFO - parse_steam - 🎮 Сохранена игра: The Sims 4 (ID: 1222670)
2026-07-25 22:59:15,345 - INFO - parse_steam - 🎮 Сохранена игра: Black Squad (ID: 550650)
2026-07-25 22:59:15,346 - INFO - parse_steam - 🎮 Сохранена игра: Don't Starve Together (ID: 322330)
2026-07-25 22:59:15,347 - INFO - parse_steam - 🎮 Сохранена игра: Dying Light (ID: 239140)
2026-07-25 22:59:15,349 - INFO - parse_steam - 🎮 Сохранена игра: Human Fall Flat (ID: 477160)
2026-07-25 22:59:15,350 - INFO - parse_steam - 🎮 Сохранена игра: 7 Days to Die (ID: 251570)
2026-07-25 22:59:15,350 - INFO - parse_steam - 🎮 Сохранена игра: Counter-Strike: Condition Zero (ID: 100)
2026-07-25 22:59:15,351 - INFO - parse_steam - 🎮 Сохранена игра: eFootball (ID: 1665460)
2026-07-25 22:59:15,352 - INFO - parse_steam - 🎮 Сохранена игра: Street Warriors Online (ID: 417910)
2026-07-25 22:59:15,353 - INFO - parse_steam - 🎮 Сохранена игра: Z1 Battle Royale (ID: 433850)
2026-07-25 22:59:15,354 - INFO - parse_steam - 🎮 Сохранена игра: Hunt: Showdown 1896 (ID: 594650)
2026-07-25 22:59:15,354 - INFO - parse_steam - 🎮 Сохранена игра: Sekiro: Shadows Die Twice - GOTY Edition (ID: 814380)
2026-07-25 22:59:15,355 - INFO - parse_steam - 🎮 Сохранена игра: CyberCorp (ID: 1116170)
2026-07-25 22:59:15,356 - INFO - parse_steam - 🎮 Сохранена игра: Half-Life 2 (ID: 220)
2026-07-25 22:59:15,358 - INFO - parse_steam - 🎮 Сохранена игра: Arma 3 (ID: 107410)
2026-07-25 22:59:15,359 - INFO - parse_steam - 🎮 Сохранена игра: Sons Of The Forest (ID: 1326470)
2026-07-25 22:59:15,361 - INFO - parse_steam - 🎮 Сохранена игра: Grim Dawn (ID: 219990)
2026-07-25 22:59:15,362 - INFO - parse_steam - 🎮 Сохранена игра: Cities: Skylines (ID: 255710)
2026-07-25 22:59:15,362 - INFO - parse_steam - 🎮 Сохранена игра: Mount & Blade II: Bannerlord (ID: 261550)
2026-07-25 22:59:15,363 - INFO - parse_steam - 🎮 Сохранена игра: Sid Meier's Civilization V (ID: 8930)
2026-07-25 22:59:15,364 - INFO - parse_steam - 🎮 Сохранена игра: Trove (ID: 304050)
2026-07-25 22:59:15,365 - INFO - parse_steam - 🎮 Сохранена игра: Sid Meier’s Civilization VI (ID: 289070)
2026-07-25 22:59:15,366 - INFO - parse_steam - 🎮 Сохранена игра: Fallout 4 (ID: 377160)
2026-07-25 22:59:15,367 - INFO - parse_steam - 🎮 Сохранена игра: Life is Strange 2 (ID: 532210)
2026-07-25 22:59:15,368 - INFO - parse_steam - 🎮 Сохранена игра: Warhammer 40,000: Rogue Trader (ID: 2186680)
2026-07-25 22:59:15,369 - INFO - parse_steam - 🎮 Сохранена игра: Battlefield V (ID: 1238810)
2026-07-25 22:59:15,370 - INFO - parse_steam - 🎮 Сохранена игра: R.E.P.O. (ID: 3241660)
2026-07-25 22:59:15,370 - INFO - parse_steam - 🎮 Сохранена игра: DayZ (ID: 221100)
2026-07-25 22:59:15,371 - INFO - parse_steam - 🎮 Сохранена игра: Satisfactory (ID: 526870)
2026-07-25 22:59:15,372 - INFO - parse_steam - 🎮 Сохранена игра: NBA 2K20 (ID: 1089350)
2026-07-25 22:59:15,373 - INFO - parse_steam - 🎮 Сохранена игра: Risk of Rain 2 (ID: 632360)
2026-07-25 22:59:15,374 - INFO - parse_steam - 🎮 Сохранена игра: EA SPORTS FIFA 23 (ID: 1811260)
2026-07-25 22:59:15,375 - INFO - parse_steam - 💾 В базе данных теперь 100 игр
2026-07-25 22:59:20,032 - INFO - autoreload - Watching for file changes with StatReloader
2026-07-25 22:59:24,630 - INFO - views - 📊 Запрошена страница со списком игр. Всего игр: 100
2026-07-25 22:59:24,633 - INFO - views - 📄 Отображена страница 1 из 5
2026-07-25 22:59:24,677 - ERROR - log - Internal Server Error: /
Traceback (most recent call last):
  File "/home/kryakzenpuk/MyPyCharmProjects/steam_tracker/.venv/lib/python3.12/site-packages/django/core/handlers/exception.py", line 55, in inner
    response = get_response(request)
               ^^^^^^^^^^^^^^^^^^^^^
  File "/home/kryakzenpuk/MyPyCharmProjects/steam_tracker/.venv/lib/python3.12/site-packages/django/core/handlers/base.py", line 198, in _get_response
    response = wrapped_callback(request, *callback_args, **callback_kwargs)
               ^^^^^^^^^^^^^^^^^^^^^^^^^^^^^^^^^^^^^^^^^^^^^^^^^^^^^^^^^^^^
  File "/home/kryakzenpuk/MyPyCharmProjects/steam_tracker/tracker/views.py", line 36, in game_list
    return render(request, "tracker/game_list.html", context)
           ^^^^^^^^^^^^^^^^^^^^^^^^^^^^^^^^^^^^^^^^^^^^^^^^^^
  File "/home/kryakzenpuk/MyPyCharmProjects/steam_tracker/.venv/lib/python3.12/site-packages/django/shortcuts.py", line 25, in render
    content = loader.render_to_string(template_name, context, request, using=using)
              ^^^^^^^^^^^^^^^^^^^^^^^^^^^^^^^^^^^^^^^^^^^^^^^^^^^^^^^^^^^^^^^^^^^^^
  File "/home/kryakzenpuk/MyPyCharmProjects/steam_tracker/.venv/lib/python3.12/site-packages/django/template/loader.py", line 62, in render_to_string
    return template.render(context, request)
           ^^^^^^^^^^^^^^^^^^^^^^^^^^^^^^^^^
  File "/home/kryakzenpuk/MyPyCharmProjects/steam_tracker/.venv/lib/python3.12/site-packages/django/template/backends/django.py", line 107, in render
    return self.template.render(context)
           ^^^^^^^^^^^^^^^^^^^^^^^^^^^^^
  File "/home/kryakzenpuk/MyPyCharmProjects/steam_tracker/.venv/lib/python3.12/site-packages/django/template/base.py", line 174, in render
    return self._render(context)
           ^^^^^^^^^^^^^^^^^^^^^
  File "/home/kryakzenpuk/MyPyCharmProjects/steam_tracker/.venv/lib/python3.12/site-packages/django/template/base.py", line 166, in _render
    return self.nodelist.render(context)
           ^^^^^^^^^^^^^^^^^^^^^^^^^^^^^
  File "/home/kryakzenpuk/MyPyCharmProjects/steam_tracker/.venv/lib/python3.12/site-packages/django/template/base.py", line 1091, in render
    return SafeString("".join([node.render_annotated(context) for node in self]))
                               ^^^^^^^^^^^^^^^^^^^^^^^^^^^^^^
  File "/home/kryakzenpuk/MyPyCharmProjects/steam_tracker/.venv/lib/python3.12/site-packages/django/template/base.py", line 1052, in render_annotated
    return self.render(context)
           ^^^^^^^^^^^^^^^^^^^^
  File "/home/kryakzenpuk/MyPyCharmProjects/steam_tracker/.venv/lib/python3.12/site-packages/django/template/defaulttags.py", line 511, in render
    url = reverse(view_name, args=args, kwargs=kwargs, current_app=current_app)
          ^^^^^^^^^^^^^^^^^^^^^^^^^^^^^^^^^^^^^^^^^^^^^^^^^^^^^^^^^^^^^^^^^^^^^
  File "/home/kryakzenpuk/MyPyCharmProjects/steam_tracker/.venv/lib/python3.12/site-packages/django/urls/base.py", line 98, in reverse
    resolved_url = resolver._reverse_with_prefix(view, prefix, *args, **kwargs)
                   ^^^^^^^^^^^^^^^^^^^^^^^^^^^^^^^^^^^^^^^^^^^^^^^^^^^^^^^^^^^^
  File "/home/kryakzenpuk/MyPyCharmProjects/steam_tracker/.venv/lib/python3.12/site-packages/django/urls/resolvers.py", line 842, in _reverse_with_prefix
    raise NoReverseMatch(msg)
django.urls.exceptions.NoReverseMatch: Reverse for 'parse_games' not found. 'parse_games' is not a valid view function or pattern name.
2026-07-25 22:59:24,681 - ERROR - log - "GET / HTTP/1.1" 500 123632
2026-07-25 23:03:15,601 - INFO - autoreload - Watching for file changes with StatReloader
2026-07-25 23:04:30,273 - INFO - autoreload - Watching for file changes with StatReloader
2026-07-25 23:04:39,111 - INFO - views - 📊 Запрошена страница со списком игр. Всего игр: 100
2026-07-25 23:04:39,114 - INFO - views - 📄 Отображена страница 1 из 5
2026-07-25 23:04:39,146 - ERROR - log - Internal Server Error: /
Traceback (most recent call last):
  File "/home/kryakzenpuk/MyPyCharmProjects/steam_tracker/.venv/lib/python3.12/site-packages/django/core/handlers/exception.py", line 55, in inner
    response = get_response(request)
               ^^^^^^^^^^^^^^^^^^^^^
  File "/home/kryakzenpuk/MyPyCharmProjects/steam_tracker/.venv/lib/python3.12/site-packages/django/core/handlers/base.py", line 198, in _get_response
    response = wrapped_callback(request, *callback_args, **callback_kwargs)
               ^^^^^^^^^^^^^^^^^^^^^^^^^^^^^^^^^^^^^^^^^^^^^^^^^^^^^^^^^^^^
  File "/home/kryakzenpuk/MyPyCharmProjects/steam_tracker/tracker/views.py", line 36, in game_list
    return render(request, "tracker/game_list.html", context)
           ^^^^^^^^^^^^^^^^^^^^^^^^^^^^^^^^^^^^^^^^^^^^^^^^^^
  File "/home/kryakzenpuk/MyPyCharmProjects/steam_tracker/.venv/lib/python3.12/site-packages/django/shortcuts.py", line 25, in render
    content = loader.render_to_string(template_name, context, request, using=using)
              ^^^^^^^^^^^^^^^^^^^^^^^^^^^^^^^^^^^^^^^^^^^^^^^^^^^^^^^^^^^^^^^^^^^^^
  File "/home/kryakzenpuk/MyPyCharmProjects/steam_tracker/.venv/lib/python3.12/site-packages/django/template/loader.py", line 62, in render_to_string
    return template.render(context, request)
           ^^^^^^^^^^^^^^^^^^^^^^^^^^^^^^^^^
  File "/home/kryakzenpuk/MyPyCharmProjects/steam_tracker/.venv/lib/python3.12/site-packages/django/template/backends/django.py", line 107, in render
    return self.template.render(context)
           ^^^^^^^^^^^^^^^^^^^^^^^^^^^^^
  File "/home/kryakzenpuk/MyPyCharmProjects/steam_tracker/.venv/lib/python3.12/site-packages/django/template/base.py", line 174, in render
    return self._render(context)
           ^^^^^^^^^^^^^^^^^^^^^
  File "/home/kryakzenpuk/MyPyCharmProjects/steam_tracker/.venv/lib/python3.12/site-packages/django/template/base.py", line 166, in _render
    return self.nodelist.render(context)
           ^^^^^^^^^^^^^^^^^^^^^^^^^^^^^
  File "/home/kryakzenpuk/MyPyCharmProjects/steam_tracker/.venv/lib/python3.12/site-packages/django/template/base.py", line 1091, in render
    return SafeString("".join([node.render_annotated(context) for node in self]))
                               ^^^^^^^^^^^^^^^^^^^^^^^^^^^^^^
  File "/home/kryakzenpuk/MyPyCharmProjects/steam_tracker/.venv/lib/python3.12/site-packages/django/template/base.py", line 1052, in render_annotated
    return self.render(context)
           ^^^^^^^^^^^^^^^^^^^^
  File "/home/kryakzenpuk/MyPyCharmProjects/steam_tracker/.venv/lib/python3.12/site-packages/django/template/defaulttags.py", line 511, in render
    url = reverse(view_name, args=args, kwargs=kwargs, current_app=current_app)
          ^^^^^^^^^^^^^^^^^^^^^^^^^^^^^^^^^^^^^^^^^^^^^^^^^^^^^^^^^^^^^^^^^^^^^
  File "/home/kryakzenpuk/MyPyCharmProjects/steam_tracker/.venv/lib/python3.12/site-packages/django/urls/base.py", line 98, in reverse
    resolved_url = resolver._reverse_with_prefix(view, prefix, *args, **kwargs)
                   ^^^^^^^^^^^^^^^^^^^^^^^^^^^^^^^^^^^^^^^^^^^^^^^^^^^^^^^^^^^^
  File "/home/kryakzenpuk/MyPyCharmProjects/steam_tracker/.venv/lib/python3.12/site-packages/django/urls/resolvers.py", line 842, in _reverse_with_prefix
    raise NoReverseMatch(msg)
django.urls.exceptions.NoReverseMatch: Reverse for 'parse_games' not found. 'parse_games' is not a valid view function or pattern name.
2026-07-25 23:04:39,149 - ERROR - log - "GET / HTTP/1.1" 500 123794
2026-07-25 23:04:40,014 - INFO - views - 📊 Запрошена страница со списком игр. Всего игр: 100
2026-07-25 23:04:40,015 - INFO - views - 📄 Отображена страница 1 из 5
2026-07-25 23:04:40,038 - ERROR - log - Internal Server Error: /
Traceback (most recent call last):
  File "/home/kryakzenpuk/MyPyCharmProjects/steam_tracker/.venv/lib/python3.12/site-packages/django/core/handlers/exception.py", line 55, in inner
    response = get_response(request)
               ^^^^^^^^^^^^^^^^^^^^^
  File "/home/kryakzenpuk/MyPyCharmProjects/steam_tracker/.venv/lib/python3.12/site-packages/django/core/handlers/base.py", line 198, in _get_response
    response = wrapped_callback(request, *callback_args, **callback_kwargs)
               ^^^^^^^^^^^^^^^^^^^^^^^^^^^^^^^^^^^^^^^^^^^^^^^^^^^^^^^^^^^^
  File "/home/kryakzenpuk/MyPyCharmProjects/steam_tracker/tracker/views.py", line 36, in game_list
    return render(request, "tracker/game_list.html", context)
           ^^^^^^^^^^^^^^^^^^^^^^^^^^^^^^^^^^^^^^^^^^^^^^^^^^
  File "/home/kryakzenpuk/MyPyCharmProjects/steam_tracker/.venv/lib/python3.12/site-packages/django/shortcuts.py", line 25, in render
    content = loader.render_to_string(template_name, context, request, using=using)
              ^^^^^^^^^^^^^^^^^^^^^^^^^^^^^^^^^^^^^^^^^^^^^^^^^^^^^^^^^^^^^^^^^^^^^
  File "/home/kryakzenpuk/MyPyCharmProjects/steam_tracker/.venv/lib/python3.12/site-packages/django/template/loader.py", line 62, in render_to_string
    return template.render(context, request)
           ^^^^^^^^^^^^^^^^^^^^^^^^^^^^^^^^^
  File "/home/kryakzenpuk/MyPyCharmProjects/steam_tracker/.venv/lib/python3.12/site-packages/django/template/backends/django.py", line 107, in render
    return self.template.render(context)
           ^^^^^^^^^^^^^^^^^^^^^^^^^^^^^
  File "/home/kryakzenpuk/MyPyCharmProjects/steam_tracker/.venv/lib/python3.12/site-packages/django/template/base.py", line 174, in render
    return self._render(context)
           ^^^^^^^^^^^^^^^^^^^^^
  File "/home/kryakzenpuk/MyPyCharmProjects/steam_tracker/.venv/lib/python3.12/site-packages/django/template/base.py", line 166, in _render
    return self.nodelist.render(context)
           ^^^^^^^^^^^^^^^^^^^^^^^^^^^^^
  File "/home/kryakzenpuk/MyPyCharmProjects/steam_tracker/.venv/lib/python3.12/site-packages/django/template/base.py", line 1091, in render
    return SafeString("".join([node.render_annotated(context) for node in self]))
                               ^^^^^^^^^^^^^^^^^^^^^^^^^^^^^^
  File "/home/kryakzenpuk/MyPyCharmProjects/steam_tracker/.venv/lib/python3.12/site-packages/django/template/base.py", line 1052, in render_annotated
    return self.render(context)
           ^^^^^^^^^^^^^^^^^^^^
  File "/home/kryakzenpuk/MyPyCharmProjects/steam_tracker/.venv/lib/python3.12/site-packages/django/template/defaulttags.py", line 511, in render
    url = reverse(view_name, args=args, kwargs=kwargs, current_app=current_app)
          ^^^^^^^^^^^^^^^^^^^^^^^^^^^^^^^^^^^^^^^^^^^^^^^^^^^^^^^^^^^^^^^^^^^^^
  File "/home/kryakzenpuk/MyPyCharmProjects/steam_tracker/.venv/lib/python3.12/site-packages/django/urls/base.py", line 98, in reverse
    resolved_url = resolver._reverse_with_prefix(view, prefix, *args, **kwargs)
                   ^^^^^^^^^^^^^^^^^^^^^^^^^^^^^^^^^^^^^^^^^^^^^^^^^^^^^^^^^^^^
  File "/home/kryakzenpuk/MyPyCharmProjects/steam_tracker/.venv/lib/python3.12/site-packages/django/urls/resolvers.py", line 842, in _reverse_with_prefix
    raise NoReverseMatch(msg)
django.urls.exceptions.NoReverseMatch: Reverse for 'parse_games' not found. 'parse_games' is not a valid view function or pattern name.
2026-07-25 23:04:40,040 - ERROR - log - "GET / HTTP/1.1" 500 123794
2026-07-25 23:04:40,299 - INFO - views - 📊 Запрошена страница со списком игр. Всего игр: 100
2026-07-25 23:04:40,301 - INFO - views - 📄 Отображена страница 1 из 5
2026-07-25 23:04:40,331 - ERROR - log - Internal Server Error: /
Traceback (most recent call last):
  File "/home/kryakzenpuk/MyPyCharmProjects/steam_tracker/.venv/lib/python3.12/site-packages/django/core/handlers/exception.py", line 55, in inner
    response = get_response(request)
               ^^^^^^^^^^^^^^^^^^^^^
  File "/home/kryakzenpuk/MyPyCharmProjects/steam_tracker/.venv/lib/python3.12/site-packages/django/core/handlers/base.py", line 198, in _get_response
    response = wrapped_callback(request, *callback_args, **callback_kwargs)
               ^^^^^^^^^^^^^^^^^^^^^^^^^^^^^^^^^^^^^^^^^^^^^^^^^^^^^^^^^^^^
  File "/home/kryakzenpuk/MyPyCharmProjects/steam_tracker/tracker/views.py", line 36, in game_list
    return render(request, "tracker/game_list.html", context)
           ^^^^^^^^^^^^^^^^^^^^^^^^^^^^^^^^^^^^^^^^^^^^^^^^^^
  File "/home/kryakzenpuk/MyPyCharmProjects/steam_tracker/.venv/lib/python3.12/site-packages/django/shortcuts.py", line 25, in render
    content = loader.render_to_string(template_name, context, request, using=using)
              ^^^^^^^^^^^^^^^^^^^^^^^^^^^^^^^^^^^^^^^^^^^^^^^^^^^^^^^^^^^^^^^^^^^^^
  File "/home/kryakzenpuk/MyPyCharmProjects/steam_tracker/.venv/lib/python3.12/site-packages/django/template/loader.py", line 62, in render_to_string
    return template.render(context, request)
           ^^^^^^^^^^^^^^^^^^^^^^^^^^^^^^^^^
  File "/home/kryakzenpuk/MyPyCharmProjects/steam_tracker/.venv/lib/python3.12/site-packages/django/template/backends/django.py", line 107, in render
    return self.template.render(context)
           ^^^^^^^^^^^^^^^^^^^^^^^^^^^^^
  File "/home/kryakzenpuk/MyPyCharmProjects/steam_tracker/.venv/lib/python3.12/site-packages/django/template/base.py", line 174, in render
    return self._render(context)
           ^^^^^^^^^^^^^^^^^^^^^
  File "/home/kryakzenpuk/MyPyCharmProjects/steam_tracker/.venv/lib/python3.12/site-packages/django/template/base.py", line 166, in _render
    return self.nodelist.render(context)
           ^^^^^^^^^^^^^^^^^^^^^^^^^^^^^
  File "/home/kryakzenpuk/MyPyCharmProjects/steam_tracker/.venv/lib/python3.12/site-packages/django/template/base.py", line 1091, in render
    return SafeString("".join([node.render_annotated(context) for node in self]))
                               ^^^^^^^^^^^^^^^^^^^^^^^^^^^^^^
  File "/home/kryakzenpuk/MyPyCharmProjects/steam_tracker/.venv/lib/python3.12/site-packages/django/template/base.py", line 1052, in render_annotated
    return self.render(context)
           ^^^^^^^^^^^^^^^^^^^^
  File "/home/kryakzenpuk/MyPyCharmProjects/steam_tracker/.venv/lib/python3.12/site-packages/django/template/defaulttags.py", line 511, in render
    url = reverse(view_name, args=args, kwargs=kwargs, current_app=current_app)
          ^^^^^^^^^^^^^^^^^^^^^^^^^^^^^^^^^^^^^^^^^^^^^^^^^^^^^^^^^^^^^^^^^^^^^
  File "/home/kryakzenpuk/MyPyCharmProjects/steam_tracker/.venv/lib/python3.12/site-packages/django/urls/base.py", line 98, in reverse
    resolved_url = resolver._reverse_with_prefix(view, prefix, *args, **kwargs)
                   ^^^^^^^^^^^^^^^^^^^^^^^^^^^^^^^^^^^^^^^^^^^^^^^^^^^^^^^^^^^^
  File "/home/kryakzenpuk/MyPyCharmProjects/steam_tracker/.venv/lib/python3.12/site-packages/django/urls/resolvers.py", line 842, in _reverse_with_prefix
    raise NoReverseMatch(msg)
django.urls.exceptions.NoReverseMatch: Reverse for 'parse_games' not found. 'parse_games' is not a valid view function or pattern name.
2026-07-25 23:04:40,333 - ERROR - log - "GET / HTTP/1.1" 500 123794
2026-07-25 23:04:40,481 - INFO - views - 📊 Запрошена страница со списком игр. Всего игр: 100
2026-07-25 23:04:40,483 - INFO - views - 📄 Отображена страница 1 из 5
2026-07-25 23:04:40,503 - ERROR - log - Internal Server Error: /
Traceback (most recent call last):
  File "/home/kryakzenpuk/MyPyCharmProjects/steam_tracker/.venv/lib/python3.12/site-packages/django/core/handlers/exception.py", line 55, in inner
    response = get_response(request)
               ^^^^^^^^^^^^^^^^^^^^^
  File "/home/kryakzenpuk/MyPyCharmProjects/steam_tracker/.venv/lib/python3.12/site-packages/django/core/handlers/base.py", line 198, in _get_response
    response = wrapped_callback(request, *callback_args, **callback_kwargs)
               ^^^^^^^^^^^^^^^^^^^^^^^^^^^^^^^^^^^^^^^^^^^^^^^^^^^^^^^^^^^^
  File "/home/kryakzenpuk/MyPyCharmProjects/steam_tracker/tracker/views.py", line 36, in game_list
    return render(request, "tracker/game_list.html", context)
           ^^^^^^^^^^^^^^^^^^^^^^^^^^^^^^^^^^^^^^^^^^^^^^^^^^
  File "/home/kryakzenpuk/MyPyCharmProjects/steam_tracker/.venv/lib/python3.12/site-packages/django/shortcuts.py", line 25, in render
    content = loader.render_to_string(template_name, context, request, using=using)
              ^^^^^^^^^^^^^^^^^^^^^^^^^^^^^^^^^^^^^^^^^^^^^^^^^^^^^^^^^^^^^^^^^^^^^
  File "/home/kryakzenpuk/MyPyCharmProjects/steam_tracker/.venv/lib/python3.12/site-packages/django/template/loader.py", line 62, in render_to_string
    return template.render(context, request)
           ^^^^^^^^^^^^^^^^^^^^^^^^^^^^^^^^^
  File "/home/kryakzenpuk/MyPyCharmProjects/steam_tracker/.venv/lib/python3.12/site-packages/django/template/backends/django.py", line 107, in render
    return self.template.render(context)
           ^^^^^^^^^^^^^^^^^^^^^^^^^^^^^
  File "/home/kryakzenpuk/MyPyCharmProjects/steam_tracker/.venv/lib/python3.12/site-packages/django/template/base.py", line 174, in render
    return self._render(context)
           ^^^^^^^^^^^^^^^^^^^^^
  File "/home/kryakzenpuk/MyPyCharmProjects/steam_tracker/.venv/lib/python3.12/site-packages/django/template/base.py", line 166, in _render
    return self.nodelist.render(context)
           ^^^^^^^^^^^^^^^^^^^^^^^^^^^^^
  File "/home/kryakzenpuk/MyPyCharmProjects/steam_tracker/.venv/lib/python3.12/site-packages/django/template/base.py", line 1091, in render
    return SafeString("".join([node.render_annotated(context) for node in self]))
                               ^^^^^^^^^^^^^^^^^^^^^^^^^^^^^^
  File "/home/kryakzenpuk/MyPyCharmProjects/steam_tracker/.venv/lib/python3.12/site-packages/django/template/base.py", line 1052, in render_annotated
    return self.render(context)
           ^^^^^^^^^^^^^^^^^^^^
  File "/home/kryakzenpuk/MyPyCharmProjects/steam_tracker/.venv/lib/python3.12/site-packages/django/template/defaulttags.py", line 511, in render
    url = reverse(view_name, args=args, kwargs=kwargs, current_app=current_app)
          ^^^^^^^^^^^^^^^^^^^^^^^^^^^^^^^^^^^^^^^^^^^^^^^^^^^^^^^^^^^^^^^^^^^^^
  File "/home/kryakzenpuk/MyPyCharmProjects/steam_tracker/.venv/lib/python3.12/site-packages/django/urls/base.py", line 98, in reverse
    resolved_url = resolver._reverse_with_prefix(view, prefix, *args, **kwargs)
                   ^^^^^^^^^^^^^^^^^^^^^^^^^^^^^^^^^^^^^^^^^^^^^^^^^^^^^^^^^^^^
  File "/home/kryakzenpuk/MyPyCharmProjects/steam_tracker/.venv/lib/python3.12/site-packages/django/urls/resolvers.py", line 842, in _reverse_with_prefix
    raise NoReverseMatch(msg)
django.urls.exceptions.NoReverseMatch: Reverse for 'parse_games' not found. 'parse_games' is not a valid view function or pattern name.
2026-07-25 23:04:40,505 - ERROR - log - "GET / HTTP/1.1" 500 123794
2026-07-25 23:04:40,652 - INFO - views - 📊 Запрошена страница со списком игр. Всего игр: 100
2026-07-25 23:04:40,653 - INFO - views - 📄 Отображена страница 1 из 5
2026-07-25 23:04:40,677 - ERROR - log - Internal Server Error: /
Traceback (most recent call last):
  File "/home/kryakzenpuk/MyPyCharmProjects/steam_tracker/.venv/lib/python3.12/site-packages/django/core/handlers/exception.py", line 55, in inner
    response = get_response(request)
               ^^^^^^^^^^^^^^^^^^^^^
  File "/home/kryakzenpuk/MyPyCharmProjects/steam_tracker/.venv/lib/python3.12/site-packages/django/core/handlers/base.py", line 198, in _get_response
    response = wrapped_callback(request, *callback_args, **callback_kwargs)
               ^^^^^^^^^^^^^^^^^^^^^^^^^^^^^^^^^^^^^^^^^^^^^^^^^^^^^^^^^^^^
  File "/home/kryakzenpuk/MyPyCharmProjects/steam_tracker/tracker/views.py", line 36, in game_list
    return render(request, "tracker/game_list.html", context)
           ^^^^^^^^^^^^^^^^^^^^^^^^^^^^^^^^^^^^^^^^^^^^^^^^^^
  File "/home/kryakzenpuk/MyPyCharmProjects/steam_tracker/.venv/lib/python3.12/site-packages/django/shortcuts.py", line 25, in render
    content = loader.render_to_string(template_name, context, request, using=using)
              ^^^^^^^^^^^^^^^^^^^^^^^^^^^^^^^^^^^^^^^^^^^^^^^^^^^^^^^^^^^^^^^^^^^^^
  File "/home/kryakzenpuk/MyPyCharmProjects/steam_tracker/.venv/lib/python3.12/site-packages/django/template/loader.py", line 62, in render_to_string
    return template.render(context, request)
           ^^^^^^^^^^^^^^^^^^^^^^^^^^^^^^^^^
  File "/home/kryakzenpuk/MyPyCharmProjects/steam_tracker/.venv/lib/python3.12/site-packages/django/template/backends/django.py", line 107, in render
    return self.template.render(context)
           ^^^^^^^^^^^^^^^^^^^^^^^^^^^^^
  File "/home/kryakzenpuk/MyPyCharmProjects/steam_tracker/.venv/lib/python3.12/site-packages/django/template/base.py", line 174, in render
    return self._render(context)
           ^^^^^^^^^^^^^^^^^^^^^
  File "/home/kryakzenpuk/MyPyCharmProjects/steam_tracker/.venv/lib/python3.12/site-packages/django/template/base.py", line 166, in _render
    return self.nodelist.render(context)
           ^^^^^^^^^^^^^^^^^^^^^^^^^^^^^
  File "/home/kryakzenpuk/MyPyCharmProjects/steam_tracker/.venv/lib/python3.12/site-packages/django/template/base.py", line 1091, in render
    return SafeString("".join([node.render_annotated(context) for node in self]))
                               ^^^^^^^^^^^^^^^^^^^^^^^^^^^^^^
  File "/home/kryakzenpuk/MyPyCharmProjects/steam_tracker/.venv/lib/python3.12/site-packages/django/template/base.py", line 1052, in render_annotated
    return self.render(context)
           ^^^^^^^^^^^^^^^^^^^^
  File "/home/kryakzenpuk/MyPyCharmProjects/steam_tracker/.venv/lib/python3.12/site-packages/django/template/defaulttags.py", line 511, in render
    url = reverse(view_name, args=args, kwargs=kwargs, current_app=current_app)
          ^^^^^^^^^^^^^^^^^^^^^^^^^^^^^^^^^^^^^^^^^^^^^^^^^^^^^^^^^^^^^^^^^^^^^
  File "/home/kryakzenpuk/MyPyCharmProjects/steam_tracker/.venv/lib/python3.12/site-packages/django/urls/base.py", line 98, in reverse
    resolved_url = resolver._reverse_with_prefix(view, prefix, *args, **kwargs)
                   ^^^^^^^^^^^^^^^^^^^^^^^^^^^^^^^^^^^^^^^^^^^^^^^^^^^^^^^^^^^^
  File "/home/kryakzenpuk/MyPyCharmProjects/steam_tracker/.venv/lib/python3.12/site-packages/django/urls/resolvers.py", line 842, in _reverse_with_prefix
    raise NoReverseMatch(msg)
django.urls.exceptions.NoReverseMatch: Reverse for 'parse_games' not found. 'parse_games' is not a valid view function or pattern name.
2026-07-25 23:04:40,679 - ERROR - log - "GET / HTTP/1.1" 500 123794
2026-07-25 23:06:05,876 - INFO - autoreload - /home/kryakzenpuk/MyPyCharmProjects/steam_tracker/tracker/views.py changed, reloading.
2026-07-25 23:06:06,248 - INFO - autoreload - Watching for file changes with StatReloader
2026-07-25 23:06:37,506 - INFO - autoreload - /home/kryakzenpuk/MyPyCharmProjects/steam_tracker/tracker/views.py changed, reloading.
2026-07-25 23:06:37,894 - INFO - autoreload - Watching for file changes with StatReloader
2026-07-25 23:06:54,083 - INFO - autoreload - /home/kryakzenpuk/MyPyCharmProjects/steam_tracker/tracker/views.py changed, reloading.
2026-07-25 23:06:54,445 - INFO - autoreload - Watching for file changes with StatReloader
2026-07-25 23:07:00,480 - INFO - views - 📊 Запрошена страница со списком игр. Всего игр: 100
2026-07-25 23:07:00,483 - INFO - views - 📄 Отображена страница 1 из 5
2026-07-25 23:07:00,516 - ERROR - log - Internal Server Error: /
Traceback (most recent call last):
  File "/home/kryakzenpuk/MyPyCharmProjects/steam_tracker/.venv/lib/python3.12/site-packages/django/core/handlers/exception.py", line 55, in inner
    response = get_response(request)
               ^^^^^^^^^^^^^^^^^^^^^
  File "/home/kryakzenpuk/MyPyCharmProjects/steam_tracker/.venv/lib/python3.12/site-packages/django/core/handlers/base.py", line 198, in _get_response
    response = wrapped_callback(request, *callback_args, **callback_kwargs)
               ^^^^^^^^^^^^^^^^^^^^^^^^^^^^^^^^^^^^^^^^^^^^^^^^^^^^^^^^^^^^
  File "/home/kryakzenpuk/MyPyCharmProjects/steam_tracker/tracker/views.py", line 38, in game_list
    return render(request, "tracker/game_list.html", context)
           ^^^^^^^^^^^^^^^^^^^^^^^^^^^^^^^^^^^^^^^^^^^^^^^^^^
  File "/home/kryakzenpuk/MyPyCharmProjects/steam_tracker/.venv/lib/python3.12/site-packages/django/shortcuts.py", line 25, in render
    content = loader.render_to_string(template_name, context, request, using=using)
              ^^^^^^^^^^^^^^^^^^^^^^^^^^^^^^^^^^^^^^^^^^^^^^^^^^^^^^^^^^^^^^^^^^^^^
  File "/home/kryakzenpuk/MyPyCharmProjects/steam_tracker/.venv/lib/python3.12/site-packages/django/template/loader.py", line 62, in render_to_string
    return template.render(context, request)
           ^^^^^^^^^^^^^^^^^^^^^^^^^^^^^^^^^
  File "/home/kryakzenpuk/MyPyCharmProjects/steam_tracker/.venv/lib/python3.12/site-packages/django/template/backends/django.py", line 107, in render
    return self.template.render(context)
           ^^^^^^^^^^^^^^^^^^^^^^^^^^^^^
  File "/home/kryakzenpuk/MyPyCharmProjects/steam_tracker/.venv/lib/python3.12/site-packages/django/template/base.py", line 174, in render
    return self._render(context)
           ^^^^^^^^^^^^^^^^^^^^^
  File "/home/kryakzenpuk/MyPyCharmProjects/steam_tracker/.venv/lib/python3.12/site-packages/django/template/base.py", line 166, in _render
    return self.nodelist.render(context)
           ^^^^^^^^^^^^^^^^^^^^^^^^^^^^^
  File "/home/kryakzenpuk/MyPyCharmProjects/steam_tracker/.venv/lib/python3.12/site-packages/django/template/base.py", line 1091, in render
    return SafeString("".join([node.render_annotated(context) for node in self]))
                               ^^^^^^^^^^^^^^^^^^^^^^^^^^^^^^
  File "/home/kryakzenpuk/MyPyCharmProjects/steam_tracker/.venv/lib/python3.12/site-packages/django/template/base.py", line 1052, in render_annotated
    return self.render(context)
           ^^^^^^^^^^^^^^^^^^^^
  File "/home/kryakzenpuk/MyPyCharmProjects/steam_tracker/.venv/lib/python3.12/site-packages/django/template/defaulttags.py", line 511, in render
    url = reverse(view_name, args=args, kwargs=kwargs, current_app=current_app)
          ^^^^^^^^^^^^^^^^^^^^^^^^^^^^^^^^^^^^^^^^^^^^^^^^^^^^^^^^^^^^^^^^^^^^^
  File "/home/kryakzenpuk/MyPyCharmProjects/steam_tracker/.venv/lib/python3.12/site-packages/django/urls/base.py", line 98, in reverse
    resolved_url = resolver._reverse_with_prefix(view, prefix, *args, **kwargs)
                   ^^^^^^^^^^^^^^^^^^^^^^^^^^^^^^^^^^^^^^^^^^^^^^^^^^^^^^^^^^^^
  File "/home/kryakzenpuk/MyPyCharmProjects/steam_tracker/.venv/lib/python3.12/site-packages/django/urls/resolvers.py", line 842, in _reverse_with_prefix
    raise NoReverseMatch(msg)
django.urls.exceptions.NoReverseMatch: Reverse for 'parse_games' not found. 'parse_games' is not a valid view function or pattern name.
2026-07-25 23:07:00,519 - ERROR - log - "GET / HTTP/1.1" 500 124498
2026-07-25 23:07:01,255 - INFO - views - 📊 Запрошена страница со списком игр. Всего игр: 100
2026-07-25 23:07:01,257 - INFO - views - 📄 Отображена страница 1 из 5
2026-07-25 23:07:01,289 - ERROR - log - Internal Server Error: /
Traceback (most recent call last):
  File "/home/kryakzenpuk/MyPyCharmProjects/steam_tracker/.venv/lib/python3.12/site-packages/django/core/handlers/exception.py", line 55, in inner
    response = get_response(request)
               ^^^^^^^^^^^^^^^^^^^^^
  File "/home/kryakzenpuk/MyPyCharmProjects/steam_tracker/.venv/lib/python3.12/site-packages/django/core/handlers/base.py", line 198, in _get_response
    response = wrapped_callback(request, *callback_args, **callback_kwargs)
               ^^^^^^^^^^^^^^^^^^^^^^^^^^^^^^^^^^^^^^^^^^^^^^^^^^^^^^^^^^^^
  File "/home/kryakzenpuk/MyPyCharmProjects/steam_tracker/tracker/views.py", line 38, in game_list
    return render(request, "tracker/game_list.html", context)
           ^^^^^^^^^^^^^^^^^^^^^^^^^^^^^^^^^^^^^^^^^^^^^^^^^^
  File "/home/kryakzenpuk/MyPyCharmProjects/steam_tracker/.venv/lib/python3.12/site-packages/django/shortcuts.py", line 25, in render
    content = loader.render_to_string(template_name, context, request, using=using)
              ^^^^^^^^^^^^^^^^^^^^^^^^^^^^^^^^^^^^^^^^^^^^^^^^^^^^^^^^^^^^^^^^^^^^^
  File "/home/kryakzenpuk/MyPyCharmProjects/steam_tracker/.venv/lib/python3.12/site-packages/django/template/loader.py", line 62, in render_to_string
    return template.render(context, request)
           ^^^^^^^^^^^^^^^^^^^^^^^^^^^^^^^^^
  File "/home/kryakzenpuk/MyPyCharmProjects/steam_tracker/.venv/lib/python3.12/site-packages/django/template/backends/django.py", line 107, in render
    return self.template.render(context)
           ^^^^^^^^^^^^^^^^^^^^^^^^^^^^^
  File "/home/kryakzenpuk/MyPyCharmProjects/steam_tracker/.venv/lib/python3.12/site-packages/django/template/base.py", line 174, in render
    return self._render(context)
           ^^^^^^^^^^^^^^^^^^^^^
  File "/home/kryakzenpuk/MyPyCharmProjects/steam_tracker/.venv/lib/python3.12/site-packages/django/template/base.py", line 166, in _render
    return self.nodelist.render(context)
           ^^^^^^^^^^^^^^^^^^^^^^^^^^^^^
  File "/home/kryakzenpuk/MyPyCharmProjects/steam_tracker/.venv/lib/python3.12/site-packages/django/template/base.py", line 1091, in render
    return SafeString("".join([node.render_annotated(context) for node in self]))
                               ^^^^^^^^^^^^^^^^^^^^^^^^^^^^^^
  File "/home/kryakzenpuk/MyPyCharmProjects/steam_tracker/.venv/lib/python3.12/site-packages/django/template/base.py", line 1052, in render_annotated
    return self.render(context)
           ^^^^^^^^^^^^^^^^^^^^
  File "/home/kryakzenpuk/MyPyCharmProjects/steam_tracker/.venv/lib/python3.12/site-packages/django/template/defaulttags.py", line 511, in render
    url = reverse(view_name, args=args, kwargs=kwargs, current_app=current_app)
          ^^^^^^^^^^^^^^^^^^^^^^^^^^^^^^^^^^^^^^^^^^^^^^^^^^^^^^^^^^^^^^^^^^^^^
  File "/home/kryakzenpuk/MyPyCharmProjects/steam_tracker/.venv/lib/python3.12/site-packages/django/urls/base.py", line 98, in reverse
    resolved_url = resolver._reverse_with_prefix(view, prefix, *args, **kwargs)
                   ^^^^^^^^^^^^^^^^^^^^^^^^^^^^^^^^^^^^^^^^^^^^^^^^^^^^^^^^^^^^
  File "/home/kryakzenpuk/MyPyCharmProjects/steam_tracker/.venv/lib/python3.12/site-packages/django/urls/resolvers.py", line 842, in _reverse_with_prefix
    raise NoReverseMatch(msg)
django.urls.exceptions.NoReverseMatch: Reverse for 'parse_games' not found. 'parse_games' is not a valid view function or pattern name.
2026-07-25 23:07:01,290 - ERROR - log - "GET / HTTP/1.1" 500 124498
2026-07-25 23:07:01,727 - INFO - views - 📊 Запрошена страница со списком игр. Всего игр: 100
2026-07-25 23:07:01,729 - INFO - views - 📄 Отображена страница 1 из 5
2026-07-25 23:07:01,760 - ERROR - log - Internal Server Error: /
Traceback (most recent call last):
  File "/home/kryakzenpuk/MyPyCharmProjects/steam_tracker/.venv/lib/python3.12/site-packages/django/core/handlers/exception.py", line 55, in inner
    response = get_response(request)
               ^^^^^^^^^^^^^^^^^^^^^
  File "/home/kryakzenpuk/MyPyCharmProjects/steam_tracker/.venv/lib/python3.12/site-packages/django/core/handlers/base.py", line 198, in _get_response
    response = wrapped_callback(request, *callback_args, **callback_kwargs)
               ^^^^^^^^^^^^^^^^^^^^^^^^^^^^^^^^^^^^^^^^^^^^^^^^^^^^^^^^^^^^
  File "/home/kryakzenpuk/MyPyCharmProjects/steam_tracker/tracker/views.py", line 38, in game_list
    return render(request, "tracker/game_list.html", context)
           ^^^^^^^^^^^^^^^^^^^^^^^^^^^^^^^^^^^^^^^^^^^^^^^^^^
  File "/home/kryakzenpuk/MyPyCharmProjects/steam_tracker/.venv/lib/python3.12/site-packages/django/shortcuts.py", line 25, in render
    content = loader.render_to_string(template_name, context, request, using=using)
              ^^^^^^^^^^^^^^^^^^^^^^^^^^^^^^^^^^^^^^^^^^^^^^^^^^^^^^^^^^^^^^^^^^^^^
  File "/home/kryakzenpuk/MyPyCharmProjects/steam_tracker/.venv/lib/python3.12/site-packages/django/template/loader.py", line 62, in render_to_string
    return template.render(context, request)
           ^^^^^^^^^^^^^^^^^^^^^^^^^^^^^^^^^
  File "/home/kryakzenpuk/MyPyCharmProjects/steam_tracker/.venv/lib/python3.12/site-packages/django/template/backends/django.py", line 107, in render
    return self.template.render(context)
           ^^^^^^^^^^^^^^^^^^^^^^^^^^^^^
  File "/home/kryakzenpuk/MyPyCharmProjects/steam_tracker/.venv/lib/python3.12/site-packages/django/template/base.py", line 174, in render
    return self._render(context)
           ^^^^^^^^^^^^^^^^^^^^^
  File "/home/kryakzenpuk/MyPyCharmProjects/steam_tracker/.venv/lib/python3.12/site-packages/django/template/base.py", line 166, in _render
    return self.nodelist.render(context)
           ^^^^^^^^^^^^^^^^^^^^^^^^^^^^^
  File "/home/kryakzenpuk/MyPyCharmProjects/steam_tracker/.venv/lib/python3.12/site-packages/django/template/base.py", line 1091, in render
    return SafeString("".join([node.render_annotated(context) for node in self]))
                               ^^^^^^^^^^^^^^^^^^^^^^^^^^^^^^
  File "/home/kryakzenpuk/MyPyCharmProjects/steam_tracker/.venv/lib/python3.12/site-packages/django/template/base.py", line 1052, in render_annotated
    return self.render(context)
           ^^^^^^^^^^^^^^^^^^^^
  File "/home/kryakzenpuk/MyPyCharmProjects/steam_tracker/.venv/lib/python3.12/site-packages/django/template/defaulttags.py", line 511, in render
    url = reverse(view_name, args=args, kwargs=kwargs, current_app=current_app)
          ^^^^^^^^^^^^^^^^^^^^^^^^^^^^^^^^^^^^^^^^^^^^^^^^^^^^^^^^^^^^^^^^^^^^^
  File "/home/kryakzenpuk/MyPyCharmProjects/steam_tracker/.venv/lib/python3.12/site-packages/django/urls/base.py", line 98, in reverse
    resolved_url = resolver._reverse_with_prefix(view, prefix, *args, **kwargs)
                   ^^^^^^^^^^^^^^^^^^^^^^^^^^^^^^^^^^^^^^^^^^^^^^^^^^^^^^^^^^^^
  File "/home/kryakzenpuk/MyPyCharmProjects/steam_tracker/.venv/lib/python3.12/site-packages/django/urls/resolvers.py", line 842, in _reverse_with_prefix
    raise NoReverseMatch(msg)
django.urls.exceptions.NoReverseMatch: Reverse for 'parse_games' not found. 'parse_games' is not a valid view function or pattern name.
2026-07-25 23:07:01,762 - ERROR - log - "GET / HTTP/1.1" 500 124498
2026-07-25 23:07:02,122 - INFO - views - 📊 Запрошена страница со списком игр. Всего игр: 100
2026-07-25 23:07:02,124 - INFO - views - 📄 Отображена страница 1 из 5
2026-07-25 23:07:02,156 - ERROR - log - Internal Server Error: /
Traceback (most recent call last):
  File "/home/kryakzenpuk/MyPyCharmProjects/steam_tracker/.venv/lib/python3.12/site-packages/django/core/handlers/exception.py", line 55, in inner
    response = get_response(request)
               ^^^^^^^^^^^^^^^^^^^^^
  File "/home/kryakzenpuk/MyPyCharmProjects/steam_tracker/.venv/lib/python3.12/site-packages/django/core/handlers/base.py", line 198, in _get_response
    response = wrapped_callback(request, *callback_args, **callback_kwargs)
               ^^^^^^^^^^^^^^^^^^^^^^^^^^^^^^^^^^^^^^^^^^^^^^^^^^^^^^^^^^^^
  File "/home/kryakzenpuk/MyPyCharmProjects/steam_tracker/tracker/views.py", line 38, in game_list
    return render(request, "tracker/game_list.html", context)
           ^^^^^^^^^^^^^^^^^^^^^^^^^^^^^^^^^^^^^^^^^^^^^^^^^^
  File "/home/kryakzenpuk/MyPyCharmProjects/steam_tracker/.venv/lib/python3.12/site-packages/django/shortcuts.py", line 25, in render
    content = loader.render_to_string(template_name, context, request, using=using)
              ^^^^^^^^^^^^^^^^^^^^^^^^^^^^^^^^^^^^^^^^^^^^^^^^^^^^^^^^^^^^^^^^^^^^^
  File "/home/kryakzenpuk/MyPyCharmProjects/steam_tracker/.venv/lib/python3.12/site-packages/django/template/loader.py", line 62, in render_to_string
    return template.render(context, request)
           ^^^^^^^^^^^^^^^^^^^^^^^^^^^^^^^^^
  File "/home/kryakzenpuk/MyPyCharmProjects/steam_tracker/.venv/lib/python3.12/site-packages/django/template/backends/django.py", line 107, in render
    return self.template.render(context)
           ^^^^^^^^^^^^^^^^^^^^^^^^^^^^^
  File "/home/kryakzenpuk/MyPyCharmProjects/steam_tracker/.venv/lib/python3.12/site-packages/django/template/base.py", line 174, in render
    return self._render(context)
           ^^^^^^^^^^^^^^^^^^^^^
  File "/home/kryakzenpuk/MyPyCharmProjects/steam_tracker/.venv/lib/python3.12/site-packages/django/template/base.py", line 166, in _render
    return self.nodelist.render(context)
           ^^^^^^^^^^^^^^^^^^^^^^^^^^^^^
  File "/home/kryakzenpuk/MyPyCharmProjects/steam_tracker/.venv/lib/python3.12/site-packages/django/template/base.py", line 1091, in render
    return SafeString("".join([node.render_annotated(context) for node in self]))
                               ^^^^^^^^^^^^^^^^^^^^^^^^^^^^^^
  File "/home/kryakzenpuk/MyPyCharmProjects/steam_tracker/.venv/lib/python3.12/site-packages/django/template/base.py", line 1052, in render_annotated
    return self.render(context)
           ^^^^^^^^^^^^^^^^^^^^
  File "/home/kryakzenpuk/MyPyCharmProjects/steam_tracker/.venv/lib/python3.12/site-packages/django/template/defaulttags.py", line 511, in render
    url = reverse(view_name, args=args, kwargs=kwargs, current_app=current_app)
          ^^^^^^^^^^^^^^^^^^^^^^^^^^^^^^^^^^^^^^^^^^^^^^^^^^^^^^^^^^^^^^^^^^^^^
  File "/home/kryakzenpuk/MyPyCharmProjects/steam_tracker/.venv/lib/python3.12/site-packages/django/urls/base.py", line 98, in reverse
    resolved_url = resolver._reverse_with_prefix(view, prefix, *args, **kwargs)
                   ^^^^^^^^^^^^^^^^^^^^^^^^^^^^^^^^^^^^^^^^^^^^^^^^^^^^^^^^^^^^
  File "/home/kryakzenpuk/MyPyCharmProjects/steam_tracker/.venv/lib/python3.12/site-packages/django/urls/resolvers.py", line 842, in _reverse_with_prefix
    raise NoReverseMatch(msg)
django.urls.exceptions.NoReverseMatch: Reverse for 'parse_games' not found. 'parse_games' is not a valid view function or pattern name.
2026-07-25 23:07:02,157 - ERROR - log - "GET / HTTP/1.1" 500 124498
2026-07-25 23:07:02,403 - INFO - views - 📊 Запрошена страница со списком игр. Всего игр: 100
2026-07-25 23:07:02,404 - INFO - views - 📄 Отображена страница 1 из 5
2026-07-25 23:07:02,424 - ERROR - log - Internal Server Error: /
Traceback (most recent call last):
  File "/home/kryakzenpuk/MyPyCharmProjects/steam_tracker/.venv/lib/python3.12/site-packages/django/core/handlers/exception.py", line 55, in inner
    response = get_response(request)
               ^^^^^^^^^^^^^^^^^^^^^
  File "/home/kryakzenpuk/MyPyCharmProjects/steam_tracker/.venv/lib/python3.12/site-packages/django/core/handlers/base.py", line 198, in _get_response
    response = wrapped_callback(request, *callback_args, **callback_kwargs)
               ^^^^^^^^^^^^^^^^^^^^^^^^^^^^^^^^^^^^^^^^^^^^^^^^^^^^^^^^^^^^
  File "/home/kryakzenpuk/MyPyCharmProjects/steam_tracker/tracker/views.py", line 38, in game_list
    return render(request, "tracker/game_list.html", context)
           ^^^^^^^^^^^^^^^^^^^^^^^^^^^^^^^^^^^^^^^^^^^^^^^^^^
  File "/home/kryakzenpuk/MyPyCharmProjects/steam_tracker/.venv/lib/python3.12/site-packages/django/shortcuts.py", line 25, in render
    content = loader.render_to_string(template_name, context, request, using=using)
              ^^^^^^^^^^^^^^^^^^^^^^^^^^^^^^^^^^^^^^^^^^^^^^^^^^^^^^^^^^^^^^^^^^^^^
  File "/home/kryakzenpuk/MyPyCharmProjects/steam_tracker/.venv/lib/python3.12/site-packages/django/template/loader.py", line 62, in render_to_string
    return template.render(context, request)
           ^^^^^^^^^^^^^^^^^^^^^^^^^^^^^^^^^
  File "/home/kryakzenpuk/MyPyCharmProjects/steam_tracker/.venv/lib/python3.12/site-packages/django/template/backends/django.py", line 107, in render
    return self.template.render(context)
           ^^^^^^^^^^^^^^^^^^^^^^^^^^^^^
  File "/home/kryakzenpuk/MyPyCharmProjects/steam_tracker/.venv/lib/python3.12/site-packages/django/template/base.py", line 174, in render
    return self._render(context)
           ^^^^^^^^^^^^^^^^^^^^^
  File "/home/kryakzenpuk/MyPyCharmProjects/steam_tracker/.venv/lib/python3.12/site-packages/django/template/base.py", line 166, in _render
    return self.nodelist.render(context)
           ^^^^^^^^^^^^^^^^^^^^^^^^^^^^^
  File "/home/kryakzenpuk/MyPyCharmProjects/steam_tracker/.venv/lib/python3.12/site-packages/django/template/base.py", line 1091, in render
    return SafeString("".join([node.render_annotated(context) for node in self]))
                               ^^^^^^^^^^^^^^^^^^^^^^^^^^^^^^
  File "/home/kryakzenpuk/MyPyCharmProjects/steam_tracker/.venv/lib/python3.12/site-packages/django/template/base.py", line 1052, in render_annotated
    return self.render(context)
           ^^^^^^^^^^^^^^^^^^^^
  File "/home/kryakzenpuk/MyPyCharmProjects/steam_tracker/.venv/lib/python3.12/site-packages/django/template/defaulttags.py", line 511, in render
    url = reverse(view_name, args=args, kwargs=kwargs, current_app=current_app)
          ^^^^^^^^^^^^^^^^^^^^^^^^^^^^^^^^^^^^^^^^^^^^^^^^^^^^^^^^^^^^^^^^^^^^^
  File "/home/kryakzenpuk/MyPyCharmProjects/steam_tracker/.venv/lib/python3.12/site-packages/django/urls/base.py", line 98, in reverse
    resolved_url = resolver._reverse_with_prefix(view, prefix, *args, **kwargs)
                   ^^^^^^^^^^^^^^^^^^^^^^^^^^^^^^^^^^^^^^^^^^^^^^^^^^^^^^^^^^^^
  File "/home/kryakzenpuk/MyPyCharmProjects/steam_tracker/.venv/lib/python3.12/site-packages/django/urls/resolvers.py", line 842, in _reverse_with_prefix
    raise NoReverseMatch(msg)
django.urls.exceptions.NoReverseMatch: Reverse for 'parse_games' not found. 'parse_games' is not a valid view function or pattern name.
2026-07-25 23:07:02,425 - ERROR - log - "GET / HTTP/1.1" 500 124498
2026-07-25 23:07:02,627 - INFO - views - 📊 Запрошена страница со списком игр. Всего игр: 100
2026-07-25 23:07:02,628 - INFO - views - 📄 Отображена страница 1 из 5
2026-07-25 23:07:02,649 - ERROR - log - Internal Server Error: /
Traceback (most recent call last):
  File "/home/kryakzenpuk/MyPyCharmProjects/steam_tracker/.venv/lib/python3.12/site-packages/django/core/handlers/exception.py", line 55, in inner
    response = get_response(request)
               ^^^^^^^^^^^^^^^^^^^^^
  File "/home/kryakzenpuk/MyPyCharmProjects/steam_tracker/.venv/lib/python3.12/site-packages/django/core/handlers/base.py", line 198, in _get_response
    response = wrapped_callback(request, *callback_args, **callback_kwargs)
               ^^^^^^^^^^^^^^^^^^^^^^^^^^^^^^^^^^^^^^^^^^^^^^^^^^^^^^^^^^^^
  File "/home/kryakzenpuk/MyPyCharmProjects/steam_tracker/tracker/views.py", line 38, in game_list
    return render(request, "tracker/game_list.html", context)
           ^^^^^^^^^^^^^^^^^^^^^^^^^^^^^^^^^^^^^^^^^^^^^^^^^^
  File "/home/kryakzenpuk/MyPyCharmProjects/steam_tracker/.venv/lib/python3.12/site-packages/django/shortcuts.py", line 25, in render
    content = loader.render_to_string(template_name, context, request, using=using)
              ^^^^^^^^^^^^^^^^^^^^^^^^^^^^^^^^^^^^^^^^^^^^^^^^^^^^^^^^^^^^^^^^^^^^^
  File "/home/kryakzenpuk/MyPyCharmProjects/steam_tracker/.venv/lib/python3.12/site-packages/django/template/loader.py", line 62, in render_to_string
    return template.render(context, request)
           ^^^^^^^^^^^^^^^^^^^^^^^^^^^^^^^^^
  File "/home/kryakzenpuk/MyPyCharmProjects/steam_tracker/.venv/lib/python3.12/site-packages/django/template/backends/django.py", line 107, in render
    return self.template.render(context)
           ^^^^^^^^^^^^^^^^^^^^^^^^^^^^^
  File "/home/kryakzenpuk/MyPyCharmProjects/steam_tracker/.venv/lib/python3.12/site-packages/django/template/base.py", line 174, in render
    return self._render(context)
           ^^^^^^^^^^^^^^^^^^^^^
  File "/home/kryakzenpuk/MyPyCharmProjects/steam_tracker/.venv/lib/python3.12/site-packages/django/template/base.py", line 166, in _render
    return self.nodelist.render(context)
           ^^^^^^^^^^^^^^^^^^^^^^^^^^^^^
  File "/home/kryakzenpuk/MyPyCharmProjects/steam_tracker/.venv/lib/python3.12/site-packages/django/template/base.py", line 1091, in render
    return SafeString("".join([node.render_annotated(context) for node in self]))
                               ^^^^^^^^^^^^^^^^^^^^^^^^^^^^^^
  File "/home/kryakzenpuk/MyPyCharmProjects/steam_tracker/.venv/lib/python3.12/site-packages/django/template/base.py", line 1052, in render_annotated
    return self.render(context)
           ^^^^^^^^^^^^^^^^^^^^
  File "/home/kryakzenpuk/MyPyCharmProjects/steam_tracker/.venv/lib/python3.12/site-packages/django/template/defaulttags.py", line 511, in render
    url = reverse(view_name, args=args, kwargs=kwargs, current_app=current_app)
          ^^^^^^^^^^^^^^^^^^^^^^^^^^^^^^^^^^^^^^^^^^^^^^^^^^^^^^^^^^^^^^^^^^^^^
  File "/home/kryakzenpuk/MyPyCharmProjects/steam_tracker/.venv/lib/python3.12/site-packages/django/urls/base.py", line 98, in reverse
    resolved_url = resolver._reverse_with_prefix(view, prefix, *args, **kwargs)
                   ^^^^^^^^^^^^^^^^^^^^^^^^^^^^^^^^^^^^^^^^^^^^^^^^^^^^^^^^^^^^
  File "/home/kryakzenpuk/MyPyCharmProjects/steam_tracker/.venv/lib/python3.12/site-packages/django/urls/resolvers.py", line 842, in _reverse_with_prefix
    raise NoReverseMatch(msg)
django.urls.exceptions.NoReverseMatch: Reverse for 'parse_games' not found. 'parse_games' is not a valid view function or pattern name.
2026-07-25 23:07:02,651 - ERROR - log - "GET / HTTP/1.1" 500 124498
2026-07-25 23:07:02,823 - INFO - views - 📊 Запрошена страница со списком игр. Всего игр: 100
2026-07-25 23:07:02,824 - INFO - views - 📄 Отображена страница 1 из 5
2026-07-25 23:07:02,846 - ERROR - log - Internal Server Error: /
Traceback (most recent call last):
  File "/home/kryakzenpuk/MyPyCharmProjects/steam_tracker/.venv/lib/python3.12/site-packages/django/core/handlers/exception.py", line 55, in inner
    response = get_response(request)
               ^^^^^^^^^^^^^^^^^^^^^
  File "/home/kryakzenpuk/MyPyCharmProjects/steam_tracker/.venv/lib/python3.12/site-packages/django/core/handlers/base.py", line 198, in _get_response
    response = wrapped_callback(request, *callback_args, **callback_kwargs)
               ^^^^^^^^^^^^^^^^^^^^^^^^^^^^^^^^^^^^^^^^^^^^^^^^^^^^^^^^^^^^
  File "/home/kryakzenpuk/MyPyCharmProjects/steam_tracker/tracker/views.py", line 38, in game_list
    return render(request, "tracker/game_list.html", context)
           ^^^^^^^^^^^^^^^^^^^^^^^^^^^^^^^^^^^^^^^^^^^^^^^^^^
  File "/home/kryakzenpuk/MyPyCharmProjects/steam_tracker/.venv/lib/python3.12/site-packages/django/shortcuts.py", line 25, in render
    content = loader.render_to_string(template_name, context, request, using=using)
              ^^^^^^^^^^^^^^^^^^^^^^^^^^^^^^^^^^^^^^^^^^^^^^^^^^^^^^^^^^^^^^^^^^^^^
  File "/home/kryakzenpuk/MyPyCharmProjects/steam_tracker/.venv/lib/python3.12/site-packages/django/template/loader.py", line 62, in render_to_string
    return template.render(context, request)
           ^^^^^^^^^^^^^^^^^^^^^^^^^^^^^^^^^
  File "/home/kryakzenpuk/MyPyCharmProjects/steam_tracker/.venv/lib/python3.12/site-packages/django/template/backends/django.py", line 107, in render
    return self.template.render(context)
           ^^^^^^^^^^^^^^^^^^^^^^^^^^^^^
  File "/home/kryakzenpuk/MyPyCharmProjects/steam_tracker/.venv/lib/python3.12/site-packages/django/template/base.py", line 174, in render
    return self._render(context)
           ^^^^^^^^^^^^^^^^^^^^^
  File "/home/kryakzenpuk/MyPyCharmProjects/steam_tracker/.venv/lib/python3.12/site-packages/django/template/base.py", line 166, in _render
    return self.nodelist.render(context)
           ^^^^^^^^^^^^^^^^^^^^^^^^^^^^^
  File "/home/kryakzenpuk/MyPyCharmProjects/steam_tracker/.venv/lib/python3.12/site-packages/django/template/base.py", line 1091, in render
    return SafeString("".join([node.render_annotated(context) for node in self]))
                               ^^^^^^^^^^^^^^^^^^^^^^^^^^^^^^
  File "/home/kryakzenpuk/MyPyCharmProjects/steam_tracker/.venv/lib/python3.12/site-packages/django/template/base.py", line 1052, in render_annotated
    return self.render(context)
           ^^^^^^^^^^^^^^^^^^^^
  File "/home/kryakzenpuk/MyPyCharmProjects/steam_tracker/.venv/lib/python3.12/site-packages/django/template/defaulttags.py", line 511, in render
    url = reverse(view_name, args=args, kwargs=kwargs, current_app=current_app)
          ^^^^^^^^^^^^^^^^^^^^^^^^^^^^^^^^^^^^^^^^^^^^^^^^^^^^^^^^^^^^^^^^^^^^^
  File "/home/kryakzenpuk/MyPyCharmProjects/steam_tracker/.venv/lib/python3.12/site-packages/django/urls/base.py", line 98, in reverse
    resolved_url = resolver._reverse_with_prefix(view, prefix, *args, **kwargs)
                   ^^^^^^^^^^^^^^^^^^^^^^^^^^^^^^^^^^^^^^^^^^^^^^^^^^^^^^^^^^^^
  File "/home/kryakzenpuk/MyPyCharmProjects/steam_tracker/.venv/lib/python3.12/site-packages/django/urls/resolvers.py", line 842, in _reverse_with_prefix
    raise NoReverseMatch(msg)
django.urls.exceptions.NoReverseMatch: Reverse for 'parse_games' not found. 'parse_games' is not a valid view function or pattern name.
2026-07-25 23:07:02,847 - ERROR - log - "GET / HTTP/1.1" 500 124498
2026-07-25 23:14:06,296 - INFO - autoreload - Watching for file changes with StatReloader
2026-07-25 23:14:09,859 - INFO - views - 📊 Запрошена страница со списком игр. Всего игр: 100
2026-07-25 23:14:09,861 - INFO - views - 📄 Отображена страница 1 из 5
2026-07-25 23:14:09,897 - ERROR - log - Internal Server Error: /
Traceback (most recent call last):
  File "/home/kryakzenpuk/MyPyCharmProjects/steam_tracker/.venv/lib/python3.12/site-packages/django/core/handlers/exception.py", line 55, in inner
    response = get_response(request)
               ^^^^^^^^^^^^^^^^^^^^^
  File "/home/kryakzenpuk/MyPyCharmProjects/steam_tracker/.venv/lib/python3.12/site-packages/django/core/handlers/base.py", line 198, in _get_response
    response = wrapped_callback(request, *callback_args, **callback_kwargs)
               ^^^^^^^^^^^^^^^^^^^^^^^^^^^^^^^^^^^^^^^^^^^^^^^^^^^^^^^^^^^^
  File "/home/kryakzenpuk/MyPyCharmProjects/steam_tracker/tracker/views.py", line 38, in game_list
    return render(request, "tracker/game_list.html", context)
           ^^^^^^^^^^^^^^^^^^^^^^^^^^^^^^^^^^^^^^^^^^^^^^^^^^
  File "/home/kryakzenpuk/MyPyCharmProjects/steam_tracker/.venv/lib/python3.12/site-packages/django/shortcuts.py", line 25, in render
    content = loader.render_to_string(template_name, context, request, using=using)
              ^^^^^^^^^^^^^^^^^^^^^^^^^^^^^^^^^^^^^^^^^^^^^^^^^^^^^^^^^^^^^^^^^^^^^
  File "/home/kryakzenpuk/MyPyCharmProjects/steam_tracker/.venv/lib/python3.12/site-packages/django/template/loader.py", line 62, in render_to_string
    return template.render(context, request)
           ^^^^^^^^^^^^^^^^^^^^^^^^^^^^^^^^^
  File "/home/kryakzenpuk/MyPyCharmProjects/steam_tracker/.venv/lib/python3.12/site-packages/django/template/backends/django.py", line 107, in render
    return self.template.render(context)
           ^^^^^^^^^^^^^^^^^^^^^^^^^^^^^
  File "/home/kryakzenpuk/MyPyCharmProjects/steam_tracker/.venv/lib/python3.12/site-packages/django/template/base.py", line 174, in render
    return self._render(context)
           ^^^^^^^^^^^^^^^^^^^^^
  File "/home/kryakzenpuk/MyPyCharmProjects/steam_tracker/.venv/lib/python3.12/site-packages/django/template/base.py", line 166, in _render
    return self.nodelist.render(context)
           ^^^^^^^^^^^^^^^^^^^^^^^^^^^^^
  File "/home/kryakzenpuk/MyPyCharmProjects/steam_tracker/.venv/lib/python3.12/site-packages/django/template/base.py", line 1091, in render
    return SafeString("".join([node.render_annotated(context) for node in self]))
                               ^^^^^^^^^^^^^^^^^^^^^^^^^^^^^^
  File "/home/kryakzenpuk/MyPyCharmProjects/steam_tracker/.venv/lib/python3.12/site-packages/django/template/base.py", line 1052, in render_annotated
    return self.render(context)
           ^^^^^^^^^^^^^^^^^^^^
  File "/home/kryakzenpuk/MyPyCharmProjects/steam_tracker/.venv/lib/python3.12/site-packages/django/template/defaulttags.py", line 511, in render
    url = reverse(view_name, args=args, kwargs=kwargs, current_app=current_app)
          ^^^^^^^^^^^^^^^^^^^^^^^^^^^^^^^^^^^^^^^^^^^^^^^^^^^^^^^^^^^^^^^^^^^^^
  File "/home/kryakzenpuk/MyPyCharmProjects/steam_tracker/.venv/lib/python3.12/site-packages/django/urls/base.py", line 98, in reverse
    resolved_url = resolver._reverse_with_prefix(view, prefix, *args, **kwargs)
                   ^^^^^^^^^^^^^^^^^^^^^^^^^^^^^^^^^^^^^^^^^^^^^^^^^^^^^^^^^^^^
  File "/home/kryakzenpuk/MyPyCharmProjects/steam_tracker/.venv/lib/python3.12/site-packages/django/urls/resolvers.py", line 842, in _reverse_with_prefix
    raise NoReverseMatch(msg)
django.urls.exceptions.NoReverseMatch: Reverse for 'parse_games' not found. 'parse_games' is not a valid view function or pattern name.
2026-07-25 23:14:09,900 - ERROR - log - "GET / HTTP/1.1" 500 124498
2026-07-25 23:20:24,077 - INFO - parse_steam - 🚀 Начинаю парсинг Steam API
2026-07-25 23:20:24,077 - INFO - parse_steam - 📡 Отправляю запрос к SteamSpy API: https://steamspy.com/api.php?request=top100in2weeks
2026-07-25 23:20:24,259 - INFO - parse_steam - ✅ Получено 100 игр от API
2026-07-25 23:20:24,263 - INFO - parse_steam - 🎮 Сохранена игра: Counter-Strike: Global Offensive (ID: 730)
2026-07-25 23:20:24,263 - INFO - parse_steam - 🎮 Сохранена игра: Apex Legends (ID: 1172470)
2026-07-25 23:20:24,264 - INFO - parse_steam - 🎮 Сохранена игра: PUBG: BATTLEGROUNDS (ID: 578080)
2026-07-25 23:20:24,265 - INFO - parse_steam - 🎮 Сохранена игра: Palworld (ID: 1623730)
2026-07-25 23:20:24,265 - INFO - parse_steam - 🎮 Сохранена игра: Team Fortress 2 (ID: 440)
2026-07-25 23:20:24,266 - INFO - parse_steam - 🎮 Сохранена игра: Call of Duty: Modern Warfare II (ID: 1938090)
2026-07-25 23:20:24,266 - INFO - parse_steam - 🎮 Сохранена игра: New World: Aeternum (ID: 1063730)
2026-07-25 23:20:24,267 - INFO - parse_steam - 🎮 Сохранена игра: Black Myth: Wukong (ID: 2358720)
2026-07-25 23:20:24,267 - INFO - parse_steam - 🎮 Сохранена игра: Grand Theft Auto V Legacy (ID: 271590)
2026-07-25 23:20:24,268 - INFO - parse_steam - 🎮 Сохранена игра: Left 4 Dead 2 (ID: 550)
2026-07-25 23:20:24,269 - INFO - parse_steam - 🎮 Сохранена игра: Unturned (ID: 304930)
2026-07-25 23:20:24,269 - INFO - parse_steam - 🎮 Сохранена игра: Lost Ark (ID: 1599340)
2026-07-25 23:20:24,270 - INFO - parse_steam - 🎮 Сохранена игра: War Thunder (ID: 236390)
2026-07-25 23:20:24,270 - INFO - parse_steam - 🎮 Сохранена игра: Monster Hunter Wilds (ID: 2246340)
2026-07-25 23:20:24,271 - INFO - parse_steam - 🎮 Сохранена игра: HELLDIVERS 2 (ID: 553850)
2026-07-25 23:20:24,271 - INFO - parse_steam - 🎮 Сохранена игра: Warframe (ID: 230410)
2026-07-25 23:20:24,272 - INFO - parse_steam - 🎮 Сохранена игра: ELDEN RING (ID: 1245620)
2026-07-25 23:20:24,272 - INFO - parse_steam - 🎮 Сохранена игра: Terraria (ID: 105600)
2026-07-25 23:20:24,273 - INFO - parse_steam - 🎮 Сохранена игра: Path of Exile 2 (ID: 2694490)
2026-07-25 23:20:24,274 - INFO - parse_steam - 🎮 Сохранена игра: Wallpaper Engine (ID: 431960)
2026-07-25 23:20:24,274 - INFO - parse_steam - 🎮 Сохранена игра: Baldur's Gate 3 (ID: 1086940)
2026-07-25 23:20:24,275 - INFO - parse_steam - 🎮 Сохранена игра: Brawlhalla (ID: 291550)
2026-07-25 23:20:24,276 - INFO - parse_steam - 🎮 Сохранена игра: Garry's Mod (ID: 4000)
2026-07-25 23:20:24,276 - INFO - parse_steam - 🎮 Сохранена игра: Destiny 2 (ID: 1085660)
2026-07-25 23:20:24,277 - INFO - parse_steam - 🎮 Сохранена игра: Tom Clancy's Rainbow Six Siege (ID: 359550)
2026-07-25 23:20:24,278 - INFO - parse_steam - 🎮 Сохранена игра: Rust (ID: 252490)
2026-07-25 23:20:24,278 - INFO - parse_steam - 🎮 Сохранена игра: World of Warships (ID: 552990)
2026-07-25 23:20:24,279 - INFO - parse_steam - 🎮 Сохранена игра: ARK: Survival Evolved (ID: 346110)
2026-07-25 23:20:24,280 - INFO - parse_steam - 🎮 Сохранена игра: Stardew Valley (ID: 413150)
2026-07-25 23:20:24,280 - INFO - parse_steam - 🎮 Сохранена игра: The Forest (ID: 242760)
2026-07-25 23:20:24,281 - INFO - parse_steam - 🎮 Сохранена игра: War Robots: Frontiers (ID: 1491000)
2026-07-25 23:20:24,282 - INFO - parse_steam - 🎮 Сохранена игра: Path of Exile (ID: 238960)
2026-07-25 23:20:24,283 - INFO - parse_steam - 🎮 Сохранена игра: PAYDAY 2 (ID: 218620)
2026-07-25 23:20:24,283 - INFO - parse_steam - 🎮 Сохранена игра: Warface: Clutch (ID: 291480)
2026-07-25 23:20:24,284 - INFO - parse_steam - 🎮 Сохранена игра: Grand Theft Auto IV: Complete Edition (ID: 901583)
2026-07-25 23:20:24,284 - INFO - parse_steam - 🎮 Сохранена игра: Last Epoch (ID: 899770)
2026-07-25 23:20:24,285 - INFO - parse_steam - 🎮 Сохранена игра: Half-Life 2: Lost Coast (ID: 340)
2026-07-25 23:20:24,285 - INFO - parse_steam - 🎮 Сохранена игра: Cyberpunk 2077 (ID: 1091500)
2026-07-25 23:20:24,286 - INFO - parse_steam - 🎮 Сохранена игра: Dead by Daylight (ID: 381210)
2026-07-25 23:20:24,287 - INFO - parse_steam - 🎮 Сохранена игра: Hogwarts Legacy (ID: 990080)
2026-07-25 23:20:24,287 - INFO - parse_steam - 🎮 Сохранена игра: VRChat (ID: 438100)
2026-07-25 23:20:24,288 - INFO - parse_steam - 🎮 Сохранена игра: The Witcher 3: Wild Hunt (ID: 292030)
2026-07-25 23:20:24,288 - INFO - parse_steam - 🎮 Сохранена игра: Among Us (ID: 945360)
2026-07-25 23:20:24,289 - INFO - parse_steam - 🎮 Сохранена игра: Fall Guys: Ultimate Knockout (ID: 1097150)
2026-07-25 23:20:24,289 - INFO - parse_steam - 🎮 Сохранена игра: Borderlands 2 (ID: 49520)
2026-07-25 23:20:24,290 - INFO - parse_steam - 🎮 Сохранена игра: Euro Truck Simulator 2 (ID: 227300)
2026-07-25 23:20:24,290 - INFO - parse_steam - 🎮 Сохранена игра: Valheim (ID: 892970)
2026-07-25 23:20:24,291 - INFO - parse_steam - 🎮 Сохранена игра: Phasmophobia (ID: 739630)
2026-07-25 23:20:24,292 - INFO - parse_steam - 🎮 Сохранена игра: Paladins (ID: 444090)
2026-07-25 23:20:24,292 - INFO - parse_steam - 🎮 Сохранена игра: NARAKA: BLADEPOINT (ID: 1203220)
2026-07-25 23:20:24,293 - INFO - parse_steam - 🎮 Сохранена игра: Half-Life 2: Deathmatch (ID: 320)
2026-07-25 23:20:24,294 - INFO - parse_steam - 🎮 Сохранена игра: Half-Life (ID: 70)
2026-07-25 23:20:24,295 - INFO - parse_steam - 🎮 Сохранена игра: Monster Hunter: World (ID: 582010)
2026-07-25 23:20:24,296 - INFO - parse_steam - 🎮 Сохранена игра: Heroes & Generals (ID: 227940)
2026-07-25 23:20:24,297 - INFO - parse_steam - 🎮 Сохранена игра: Rocket League (ID: 252950)
2026-07-25 23:20:24,298 - INFO - parse_steam - 🎮 Сохранена игра: Project Zomboid (ID: 108600)
2026-07-25 23:20:24,298 - INFO - parse_steam - 🎮 Сохранена игра: Lethal Company (ID: 1966720)
2026-07-25 23:20:24,299 - INFO - parse_steam - 🎮 Сохранена игра: Red Dead Redemption 2 (ID: 1174180)
2026-07-25 23:20:24,300 - INFO - parse_steam - 🎮 Сохранена игра: Battlefield 2042 (ID: 1517290)
2026-07-25 23:20:24,301 - INFO - parse_steam - 🎮 Сохранена игра: Halo Infinite (ID: 1240440)
2026-07-25 23:20:24,301 - INFO - parse_steam - 🎮 Сохранена игра: Raft (ID: 648800)
2026-07-25 23:20:24,302 - INFO - parse_steam - 🎮 Сохранена игра: SMITE (ID: 386360)
2026-07-25 23:20:24,303 - INFO - parse_steam - 🎮 Сохранена игра: World of Tanks Blitz (ID: 444200)
2026-07-25 23:20:24,304 - INFO - parse_steam - 🎮 Сохранена игра: Counter-Strike (ID: 10)
2026-07-25 23:20:24,304 - INFO - parse_steam - 🎮 Сохранена игра: Counter-Strike: Source (ID: 240)
2026-07-25 23:20:24,305 - INFO - parse_steam - 🎮 Сохранена игра: Schedule I (ID: 3164500)
2026-07-25 23:20:24,305 - INFO - parse_steam - 🎮 Сохранена игра: Ring of Elysium (ID: 755790)
2026-07-25 23:20:24,306 - INFO - parse_steam - 🎮 Сохранена игра: Portal (ID: 400)
2026-07-25 23:20:24,306 - INFO - parse_steam - 🎮 Сохранена игра: The Sims 4 (ID: 1222670)
2026-07-25 23:20:24,307 - INFO - parse_steam - 🎮 Сохранена игра: Black Squad (ID: 550650)
2026-07-25 23:20:24,308 - INFO - parse_steam - 🎮 Сохранена игра: Don't Starve Together (ID: 322330)
2026-07-25 23:20:24,308 - INFO - parse_steam - 🎮 Сохранена игра: Dying Light (ID: 239140)
2026-07-25 23:20:24,309 - INFO - parse_steam - 🎮 Сохранена игра: Human Fall Flat (ID: 477160)
2026-07-25 23:20:24,309 - INFO - parse_steam - 🎮 Сохранена игра: 7 Days to Die (ID: 251570)
2026-07-25 23:20:24,310 - INFO - parse_steam - 🎮 Сохранена игра: Counter-Strike: Condition Zero (ID: 100)
2026-07-25 23:20:24,310 - INFO - parse_steam - 🎮 Сохранена игра: eFootball (ID: 1665460)
2026-07-25 23:20:24,311 - INFO - parse_steam - 🎮 Сохранена игра: Street Warriors Online (ID: 417910)
2026-07-25 23:20:24,311 - INFO - parse_steam - 🎮 Сохранена игра: Z1 Battle Royale (ID: 433850)
2026-07-25 23:20:24,312 - INFO - parse_steam - 🎮 Сохранена игра: Hunt: Showdown 1896 (ID: 594650)
2026-07-25 23:20:24,313 - INFO - parse_steam - 🎮 Сохранена игра: Sekiro: Shadows Die Twice - GOTY Edition (ID: 814380)
2026-07-25 23:20:24,313 - INFO - parse_steam - 🎮 Сохранена игра: CyberCorp (ID: 1116170)
2026-07-25 23:20:24,314 - INFO - parse_steam - 🎮 Сохранена игра: Half-Life 2 (ID: 220)
2026-07-25 23:20:24,315 - INFO - parse_steam - 🎮 Сохранена игра: Arma 3 (ID: 107410)
2026-07-25 23:20:24,316 - INFO - parse_steam - 🎮 Сохранена игра: Sons Of The Forest (ID: 1326470)
2026-07-25 23:20:24,317 - INFO - parse_steam - 🎮 Сохранена игра: Grim Dawn (ID: 219990)
2026-07-25 23:20:24,318 - INFO - parse_steam - 🎮 Сохранена игра: Cities: Skylines (ID: 255710)
2026-07-25 23:20:24,318 - INFO - parse_steam - 🎮 Сохранена игра: Mount & Blade II: Bannerlord (ID: 261550)
2026-07-25 23:20:24,319 - INFO - parse_steam - 🎮 Сохранена игра: Sid Meier's Civilization V (ID: 8930)
2026-07-25 23:20:24,320 - INFO - parse_steam - 🎮 Сохранена игра: Trove (ID: 304050)
2026-07-25 23:20:24,321 - INFO - parse_steam - 🎮 Сохранена игра: Sid Meier’s Civilization VI (ID: 289070)
2026-07-25 23:20:24,322 - INFO - parse_steam - 🎮 Сохранена игра: Fallout 4 (ID: 377160)
2026-07-25 23:20:24,323 - INFO - parse_steam - 🎮 Сохранена игра: Life is Strange 2 (ID: 532210)
2026-07-25 23:20:24,323 - INFO - parse_steam - 🎮 Сохранена игра: Warhammer 40,000: Rogue Trader (ID: 2186680)
2026-07-25 23:20:24,324 - INFO - parse_steam - 🎮 Сохранена игра: Battlefield V (ID: 1238810)
2026-07-25 23:20:24,324 - INFO - parse_steam - 🎮 Сохранена игра: R.E.P.O. (ID: 3241660)
2026-07-25 23:20:24,325 - INFO - parse_steam - 🎮 Сохранена игра: DayZ (ID: 221100)
2026-07-25 23:20:24,326 - INFO - parse_steam - 🎮 Сохранена игра: Satisfactory (ID: 526870)
2026-07-25 23:20:24,326 - INFO - parse_steam - 🎮 Сохранена игра: NBA 2K20 (ID: 1089350)
2026-07-25 23:20:24,327 - INFO - parse_steam - 🎮 Сохранена игра: Risk of Rain 2 (ID: 632360)
2026-07-25 23:20:24,328 - INFO - parse_steam - 🎮 Сохранена игра: EA SPORTS FIFA 23 (ID: 1811260)
2026-07-25 23:20:24,328 - INFO - parse_steam - 💾 В базе данных теперь 100 игр
2026-07-26 05:45:35,507 - INFO - autoreload - Watching for file changes with StatReloader
2026-07-26 05:45:49,552 - INFO - views - 📊 Запрошена страница со списком игр. Всего игр: 100
2026-07-26 05:45:49,554 - INFO - views - 📄 Отображена страница 1 из 5
2026-07-26 05:45:49,566 - INFO - log - "GET / HTTP/1.1" 200 14518
2026-07-26 05:46:09,322 - INFO - views - 🔄 Ручное обновление данных через веб-интерфейс
2026-07-26 05:46:09,397 - INFO - parse_steam - 🚀 Начинаю парсинг Steam API
2026-07-26 05:46:09,397 - INFO - parse_steam - 📡 Отправляю запрос к SteamSpy API: https://steamspy.com/api.php?request=top100in2weeks
2026-07-26 05:46:09,510 - INFO - parse_steam - ✅ Получено 100 игр от API
2026-07-26 05:46:09,513 - INFO - parse_steam - 🎮 Сохранена игра: Counter-Strike: Global Offensive (ID: 730)
2026-07-26 05:46:09,514 - INFO - parse_steam - 🎮 Сохранена игра: Apex Legends (ID: 1172470)
2026-07-26 05:46:09,515 - INFO - parse_steam - 🎮 Сохранена игра: PUBG: BATTLEGROUNDS (ID: 578080)
2026-07-26 05:46:09,516 - INFO - parse_steam - 🎮 Сохранена игра: Palworld (ID: 1623730)
2026-07-26 05:46:09,517 - INFO - parse_steam - 🎮 Сохранена игра: Team Fortress 2 (ID: 440)
2026-07-26 05:46:09,518 - INFO - parse_steam - 🎮 Сохранена игра: Call of Duty: Modern Warfare II (ID: 1938090)
2026-07-26 05:46:09,519 - INFO - parse_steam - 🎮 Сохранена игра: New World: Aeternum (ID: 1063730)
2026-07-26 05:46:09,520 - INFO - parse_steam - 🎮 Сохранена игра: Black Myth: Wukong (ID: 2358720)
2026-07-26 05:46:09,520 - INFO - parse_steam - 🎮 Сохранена игра: Grand Theft Auto V Legacy (ID: 271590)
2026-07-26 05:46:09,521 - INFO - parse_steam - 🎮 Сохранена игра: Left 4 Dead 2 (ID: 550)
2026-07-26 05:46:09,522 - INFO - parse_steam - 🎮 Сохранена игра: Unturned (ID: 304930)
2026-07-26 05:46:09,523 - INFO - parse_steam - 🎮 Сохранена игра: Lost Ark (ID: 1599340)
2026-07-26 05:46:09,524 - INFO - parse_steam - 🎮 Сохранена игра: War Thunder (ID: 236390)
2026-07-26 05:46:09,525 - INFO - parse_steam - 🎮 Сохранена игра: Monster Hunter Wilds (ID: 2246340)
2026-07-26 05:46:09,527 - INFO - parse_steam - 🎮 Сохранена игра: HELLDIVERS 2 (ID: 553850)
2026-07-26 05:46:09,528 - INFO - parse_steam - 🎮 Сохранена игра: Warframe (ID: 230410)
2026-07-26 05:46:09,529 - INFO - parse_steam - 🎮 Сохранена игра: ELDEN RING (ID: 1245620)
2026-07-26 05:46:09,530 - INFO - parse_steam - 🎮 Сохранена игра: Terraria (ID: 105600)
2026-07-26 05:46:09,531 - INFO - parse_steam - 🎮 Сохранена игра: Path of Exile 2 (ID: 2694490)
2026-07-26 05:46:09,532 - INFO - parse_steam - 🎮 Сохранена игра: Wallpaper Engine (ID: 431960)
2026-07-26 05:46:09,533 - INFO - parse_steam - 🎮 Сохранена игра: Baldur's Gate 3 (ID: 1086940)
2026-07-26 05:46:09,534 - INFO - parse_steam - 🎮 Сохранена игра: Brawlhalla (ID: 291550)
2026-07-26 05:46:09,535 - INFO - parse_steam - 🎮 Сохранена игра: Garry's Mod (ID: 4000)
2026-07-26 05:46:09,536 - INFO - parse_steam - 🎮 Сохранена игра: Destiny 2 (ID: 1085660)
2026-07-26 05:46:09,537 - INFO - parse_steam - 🎮 Сохранена игра: Tom Clancy's Rainbow Six Siege (ID: 359550)
2026-07-26 05:46:09,538 - INFO - parse_steam - 🎮 Сохранена игра: Rust (ID: 252490)
2026-07-26 05:46:09,539 - INFO - parse_steam - 🎮 Сохранена игра: World of Warships (ID: 552990)
2026-07-26 05:46:09,541 - INFO - parse_steam - 🎮 Сохранена игра: ARK: Survival Evolved (ID: 346110)
2026-07-26 05:46:09,542 - INFO - parse_steam - 🎮 Сохранена игра: Stardew Valley (ID: 413150)
2026-07-26 05:46:09,542 - INFO - parse_steam - 🎮 Сохранена игра: The Forest (ID: 242760)
2026-07-26 05:46:09,543 - INFO - parse_steam - 🎮 Сохранена игра: War Robots: Frontiers (ID: 1491000)
2026-07-26 05:46:09,544 - INFO - parse_steam - 🎮 Сохранена игра: Path of Exile (ID: 238960)
2026-07-26 05:46:09,545 - INFO - parse_steam - 🎮 Сохранена игра: PAYDAY 2 (ID: 218620)
2026-07-26 05:46:09,546 - INFO - parse_steam - 🎮 Сохранена игра: Warface: Clutch (ID: 291480)
2026-07-26 05:46:09,547 - INFO - parse_steam - 🎮 Сохранена игра: Grand Theft Auto IV: Complete Edition (ID: 901583)
2026-07-26 05:46:09,548 - INFO - parse_steam - 🎮 Сохранена игра: Last Epoch (ID: 899770)
2026-07-26 05:46:09,548 - INFO - parse_steam - 🎮 Сохранена игра: Half-Life 2: Lost Coast (ID: 340)
2026-07-26 05:46:09,549 - INFO - parse_steam - 🎮 Сохранена игра: Cyberpunk 2077 (ID: 1091500)
2026-07-26 05:46:09,550 - INFO - parse_steam - 🎮 Сохранена игра: Dead by Daylight (ID: 381210)
2026-07-26 05:46:09,551 - INFO - parse_steam - 🎮 Сохранена игра: Hogwarts Legacy (ID: 990080)
2026-07-26 05:46:09,552 - INFO - parse_steam - 🎮 Сохранена игра: VRChat (ID: 438100)
2026-07-26 05:46:09,552 - INFO - parse_steam - 🎮 Сохранена игра: The Witcher 3: Wild Hunt (ID: 292030)
2026-07-26 05:46:09,553 - INFO - parse_steam - 🎮 Сохранена игра: Among Us (ID: 945360)
2026-07-26 05:46:09,554 - INFO - parse_steam - 🎮 Сохранена игра: Fall Guys: Ultimate Knockout (ID: 1097150)
2026-07-26 05:46:09,556 - INFO - parse_steam - 🎮 Сохранена игра: Borderlands 2 (ID: 49520)
2026-07-26 05:46:09,557 - INFO - parse_steam - 🎮 Сохранена игра: Euro Truck Simulator 2 (ID: 227300)
2026-07-26 05:46:09,558 - INFO - parse_steam - 🎮 Сохранена игра: Valheim (ID: 892970)
2026-07-26 05:46:09,559 - INFO - parse_steam - 🎮 Сохранена игра: Phasmophobia (ID: 739630)
2026-07-26 05:46:09,560 - INFO - parse_steam - 🎮 Сохранена игра: Paladins (ID: 444090)
2026-07-26 05:46:09,561 - INFO - parse_steam - 🎮 Сохранена игра: NARAKA: BLADEPOINT (ID: 1203220)
2026-07-26 05:46:09,562 - INFO - parse_steam - 🎮 Сохранена игра: Half-Life 2: Deathmatch (ID: 320)
2026-07-26 05:46:09,563 - INFO - parse_steam - 🎮 Сохранена игра: Half-Life (ID: 70)
2026-07-26 05:46:09,564 - INFO - parse_steam - 🎮 Сохранена игра: Monster Hunter: World (ID: 582010)
2026-07-26 05:46:09,565 - INFO - parse_steam - 🎮 Сохранена игра: Heroes & Generals (ID: 227940)
2026-07-26 05:46:09,566 - INFO - parse_steam - 🎮 Сохранена игра: Rocket League (ID: 252950)
2026-07-26 05:46:09,567 - INFO - parse_steam - 🎮 Сохранена игра: Project Zomboid (ID: 108600)
2026-07-26 05:46:09,568 - INFO - parse_steam - 🎮 Сохранена игра: Lethal Company (ID: 1966720)
2026-07-26 05:46:09,568 - INFO - parse_steam - 🎮 Сохранена игра: Red Dead Redemption 2 (ID: 1174180)
2026-07-26 05:46:09,569 - INFO - parse_steam - 🎮 Сохранена игра: Battlefield 2042 (ID: 1517290)
2026-07-26 05:46:09,570 - INFO - parse_steam - 🎮 Сохранена игра: Halo Infinite (ID: 1240440)
2026-07-26 05:46:09,571 - INFO - parse_steam - 🎮 Сохранена игра: Raft (ID: 648800)
2026-07-26 05:46:09,572 - INFO - parse_steam - 🎮 Сохранена игра: SMITE (ID: 386360)
2026-07-26 05:46:09,573 - INFO - parse_steam - 🎮 Сохранена игра: World of Tanks Blitz (ID: 444200)
2026-07-26 05:46:09,574 - INFO - parse_steam - 🎮 Сохранена игра: Counter-Strike (ID: 10)
2026-07-26 05:46:09,574 - INFO - parse_steam - 🎮 Сохранена игра: Counter-Strike: Source (ID: 240)
2026-07-26 05:46:09,576 - INFO - parse_steam - 🎮 Сохранена игра: Schedule I (ID: 3164500)
2026-07-26 05:46:09,577 - INFO - parse_steam - 🎮 Сохранена игра: Ring of Elysium (ID: 755790)
2026-07-26 05:46:09,578 - INFO - parse_steam - 🎮 Сохранена игра: Portal (ID: 400)
2026-07-26 05:46:09,579 - INFO - parse_steam - 🎮 Сохранена игра: The Sims 4 (ID: 1222670)
2026-07-26 05:46:09,580 - INFO - parse_steam - 🎮 Сохранена игра: Black Squad (ID: 550650)
2026-07-26 05:46:09,581 - INFO - parse_steam - 🎮 Сохранена игра: Don't Starve Together (ID: 322330)
2026-07-26 05:46:09,582 - INFO - parse_steam - 🎮 Сохранена игра: Dying Light (ID: 239140)
2026-07-26 05:46:09,582 - INFO - parse_steam - 🎮 Сохранена игра: Human Fall Flat (ID: 477160)
2026-07-26 05:46:09,583 - INFO - parse_steam - 🎮 Сохранена игра: 7 Days to Die (ID: 251570)
2026-07-26 05:46:09,584 - INFO - parse_steam - 🎮 Сохранена игра: Counter-Strike: Condition Zero (ID: 100)
2026-07-26 05:46:09,585 - INFO - parse_steam - 🎮 Сохранена игра: eFootball (ID: 1665460)
2026-07-26 05:46:09,586 - INFO - parse_steam - 🎮 Сохранена игра: Street Warriors Online (ID: 417910)
2026-07-26 05:46:09,587 - INFO - parse_steam - 🎮 Сохранена игра: Z1 Battle Royale (ID: 433850)
2026-07-26 05:46:09,587 - INFO - parse_steam - 🎮 Сохранена игра: Hunt: Showdown 1896 (ID: 594650)
2026-07-26 05:46:09,588 - INFO - parse_steam - 🎮 Сохранена игра: Sekiro: Shadows Die Twice - GOTY Edition (ID: 814380)
2026-07-26 05:46:09,589 - INFO - parse_steam - 🎮 Сохранена игра: CyberCorp (ID: 1116170)
2026-07-26 05:46:09,590 - INFO - parse_steam - 🎮 Сохранена игра: Half-Life 2 (ID: 220)
2026-07-26 05:46:09,591 - INFO - parse_steam - 🎮 Сохранена игра: Arma 3 (ID: 107410)
2026-07-26 05:46:09,592 - INFO - parse_steam - 🎮 Сохранена игра: Sons Of The Forest (ID: 1326470)
2026-07-26 05:46:09,593 - INFO - parse_steam - 🎮 Сохранена игра: Grim Dawn (ID: 219990)
2026-07-26 05:46:09,595 - INFO - parse_steam - 🎮 Сохранена игра: Cities: Skylines (ID: 255710)
2026-07-26 05:46:09,596 - INFO - parse_steam - 🎮 Сохранена игра: Mount & Blade II: Bannerlord (ID: 261550)
2026-07-26 05:46:09,596 - INFO - parse_steam - 🎮 Сохранена игра: Sid Meier's Civilization V (ID: 8930)
2026-07-26 05:46:09,597 - INFO - parse_steam - 🎮 Сохранена игра: Trove (ID: 304050)
2026-07-26 05:46:09,598 - INFO - parse_steam - 🎮 Сохранена игра: Sid Meier’s Civilization VI (ID: 289070)
2026-07-26 05:46:09,599 - INFO - parse_steam - 🎮 Сохранена игра: Fallout 4 (ID: 377160)
2026-07-26 05:46:09,600 - INFO - parse_steam - 🎮 Сохранена игра: Life is Strange 2 (ID: 532210)
2026-07-26 05:46:09,601 - INFO - parse_steam - 🎮 Сохранена игра: Warhammer 40,000: Rogue Trader (ID: 2186680)
2026-07-26 05:46:09,602 - INFO - parse_steam - 🎮 Сохранена игра: Battlefield V (ID: 1238810)
2026-07-26 05:46:09,603 - INFO - parse_steam - 🎮 Сохранена игра: R.E.P.O. (ID: 3241660)
2026-07-26 05:46:09,604 - INFO - parse_steam - 🎮 Сохранена игра: DayZ (ID: 221100)
2026-07-26 05:46:09,605 - INFO - parse_steam - 🎮 Сохранена игра: Satisfactory (ID: 526870)
2026-07-26 05:46:09,606 - INFO - parse_steam - 🎮 Сохранена игра: NBA 2K20 (ID: 1089350)
2026-07-26 05:46:09,607 - INFO - parse_steam - 🎮 Сохранена игра: Risk of Rain 2 (ID: 632360)
2026-07-26 05:46:09,608 - INFO - parse_steam - 🎮 Сохранена игра: EA SPORTS FIFA 23 (ID: 1811260)
2026-07-26 05:46:09,608 - INFO - parse_steam - 💾 В базе данных теперь 100 игр
2026-07-26 05:46:09,621 - INFO - views - ✅ Ручное обновление данных завершено успешно
2026-07-26 05:46:09,622 - INFO - log - "POST /parse/ HTTP/1.1" 302 0
2026-07-26 05:46:09,631 - INFO - views - 📊 Запрошена страница со списком игр. Всего игр: 100
2026-07-26 05:46:09,633 - INFO - views - 📄 Отображена страница 1 из 5
2026-07-26 05:46:09,636 - INFO - log - "GET / HTTP/1.1" 200 14518
2026-07-26 05:46:13,913 - INFO - views - 📊 Запрошена страница со списком игр. Всего игр: 100
2026-07-26 05:46:13,916 - INFO - views - 📄 Отображена страница 1 из 5
2026-07-26 05:46:13,920 - INFO - log - "GET / HTTP/1.1" 200 14518
2026-07-26 05:46:16,160 - INFO - views - 📊 Запрошена страница со списком игр. Всего игр: 100
2026-07-26 05:46:16,162 - INFO - views - 📄 Отображена страница 1 из 5
2026-07-26 05:46:16,166 - INFO - log - "GET / HTTP/1.1" 200 14518
2026-07-26 05:46:54,836 - INFO - views - 🔄 Ручное обновление данных через веб-интерфейс
2026-07-26 05:46:54,837 - INFO - parse_steam - 🚀 Начинаю парсинг Steam API
2026-07-26 05:46:54,838 - INFO - parse_steam - 📡 Отправляю запрос к SteamSpy API: https://steamspy.com/api.php?request=top100in2weeks
2026-07-26 05:46:54,946 - INFO - parse_steam - ✅ Получено 100 игр от API
2026-07-26 05:46:54,948 - INFO - parse_steam - 🎮 Сохранена игра: Counter-Strike: Global Offensive (ID: 730)
2026-07-26 05:46:54,949 - INFO - parse_steam - 🎮 Сохранена игра: Apex Legends (ID: 1172470)
2026-07-26 05:46:54,950 - INFO - parse_steam - 🎮 Сохранена игра: PUBG: BATTLEGROUNDS (ID: 578080)
2026-07-26 05:46:54,951 - INFO - parse_steam - 🎮 Сохранена игра: Palworld (ID: 1623730)
2026-07-26 05:46:54,951 - INFO - parse_steam - 🎮 Сохранена игра: Team Fortress 2 (ID: 440)
2026-07-26 05:46:54,952 - INFO - parse_steam - 🎮 Сохранена игра: Call of Duty: Modern Warfare II (ID: 1938090)
2026-07-26 05:46:54,953 - INFO - parse_steam - 🎮 Сохранена игра: New World: Aeternum (ID: 1063730)
2026-07-26 05:46:54,954 - INFO - parse_steam - 🎮 Сохранена игра: Black Myth: Wukong (ID: 2358720)
2026-07-26 05:46:54,955 - INFO - parse_steam - 🎮 Сохранена игра: Grand Theft Auto V Legacy (ID: 271590)
2026-07-26 05:46:54,956 - INFO - parse_steam - 🎮 Сохранена игра: Left 4 Dead 2 (ID: 550)
2026-07-26 05:46:54,957 - INFO - parse_steam - 🎮 Сохранена игра: Unturned (ID: 304930)
2026-07-26 05:46:54,958 - INFO - parse_steam - 🎮 Сохранена игра: Lost Ark (ID: 1599340)
2026-07-26 05:46:54,959 - INFO - parse_steam - 🎮 Сохранена игра: War Thunder (ID: 236390)
2026-07-26 05:46:54,960 - INFO - parse_steam - 🎮 Сохранена игра: Monster Hunter Wilds (ID: 2246340)
2026-07-26 05:46:54,961 - INFO - parse_steam - 🎮 Сохранена игра: HELLDIVERS 2 (ID: 553850)
2026-07-26 05:46:54,962 - INFO - parse_steam - 🎮 Сохранена игра: Warframe (ID: 230410)
2026-07-26 05:46:54,963 - INFO - parse_steam - 🎮 Сохранена игра: ELDEN RING (ID: 1245620)
2026-07-26 05:46:54,964 - INFO - parse_steam - 🎮 Сохранена игра: Terraria (ID: 105600)
2026-07-26 05:46:54,964 - INFO - parse_steam - 🎮 Сохранена игра: Path of Exile 2 (ID: 2694490)
2026-07-26 05:46:54,965 - INFO - parse_steam - 🎮 Сохранена игра: Wallpaper Engine (ID: 431960)
2026-07-26 05:46:54,966 - INFO - parse_steam - 🎮 Сохранена игра: Baldur's Gate 3 (ID: 1086940)
2026-07-26 05:46:54,967 - INFO - parse_steam - 🎮 Сохранена игра: Brawlhalla (ID: 291550)
2026-07-26 05:46:54,968 - INFO - parse_steam - 🎮 Сохранена игра: Garry's Mod (ID: 4000)
2026-07-26 05:46:54,969 - INFO - parse_steam - 🎮 Сохранена игра: Destiny 2 (ID: 1085660)
2026-07-26 05:46:54,969 - INFO - parse_steam - 🎮 Сохранена игра: Tom Clancy's Rainbow Six Siege (ID: 359550)
2026-07-26 05:46:54,970 - INFO - parse_steam - 🎮 Сохранена игра: Rust (ID: 252490)
2026-07-26 05:46:54,971 - INFO - parse_steam - 🎮 Сохранена игра: World of Warships (ID: 552990)
2026-07-26 05:46:54,972 - INFO - parse_steam - 🎮 Сохранена игра: ARK: Survival Evolved (ID: 346110)
2026-07-26 05:46:54,973 - INFO - parse_steam - 🎮 Сохранена игра: Stardew Valley (ID: 413150)
2026-07-26 05:46:54,974 - INFO - parse_steam - 🎮 Сохранена игра: The Forest (ID: 242760)
2026-07-26 05:46:54,975 - INFO - parse_steam - 🎮 Сохранена игра: War Robots: Frontiers (ID: 1491000)
2026-07-26 05:46:54,976 - INFO - parse_steam - 🎮 Сохранена игра: Path of Exile (ID: 238960)
2026-07-26 05:46:54,977 - INFO - parse_steam - 🎮 Сохранена игра: PAYDAY 2 (ID: 218620)
2026-07-26 05:46:54,978 - INFO - parse_steam - 🎮 Сохранена игра: Warface: Clutch (ID: 291480)
2026-07-26 05:46:54,979 - INFO - parse_steam - 🎮 Сохранена игра: Grand Theft Auto IV: Complete Edition (ID: 901583)
2026-07-26 05:46:54,980 - INFO - parse_steam - 🎮 Сохранена игра: Last Epoch (ID: 899770)
2026-07-26 05:46:54,981 - INFO - parse_steam - 🎮 Сохранена игра: Half-Life 2: Lost Coast (ID: 340)
2026-07-26 05:46:54,982 - INFO - parse_steam - 🎮 Сохранена игра: Cyberpunk 2077 (ID: 1091500)
2026-07-26 05:46:54,982 - INFO - parse_steam - 🎮 Сохранена игра: Dead by Daylight (ID: 381210)
2026-07-26 05:46:54,983 - INFO - parse_steam - 🎮 Сохранена игра: Hogwarts Legacy (ID: 990080)
2026-07-26 05:46:54,984 - INFO - parse_steam - 🎮 Сохранена игра: VRChat (ID: 438100)
2026-07-26 05:46:54,985 - INFO - parse_steam - 🎮 Сохранена игра: The Witcher 3: Wild Hunt (ID: 292030)
2026-07-26 05:46:54,986 - INFO - parse_steam - 🎮 Сохранена игра: Among Us (ID: 945360)
2026-07-26 05:46:54,986 - INFO - parse_steam - 🎮 Сохранена игра: Fall Guys: Ultimate Knockout (ID: 1097150)
2026-07-26 05:46:54,987 - INFO - parse_steam - 🎮 Сохранена игра: Borderlands 2 (ID: 49520)
2026-07-26 05:46:54,988 - INFO - parse_steam - 🎮 Сохранена игра: Euro Truck Simulator 2 (ID: 227300)
2026-07-26 05:46:54,989 - INFO - parse_steam - 🎮 Сохранена игра: Valheim (ID: 892970)
2026-07-26 05:46:54,990 - INFO - parse_steam - 🎮 Сохранена игра: Phasmophobia (ID: 739630)
2026-07-26 05:46:54,991 - INFO - parse_steam - 🎮 Сохранена игра: Paladins (ID: 444090)
2026-07-26 05:46:54,992 - INFO - parse_steam - 🎮 Сохранена игра: NARAKA: BLADEPOINT (ID: 1203220)
2026-07-26 05:46:54,993 - INFO - parse_steam - 🎮 Сохранена игра: Half-Life 2: Deathmatch (ID: 320)
2026-07-26 05:46:54,994 - INFO - parse_steam - 🎮 Сохранена игра: Half-Life (ID: 70)
2026-07-26 05:46:54,995 - INFO - parse_steam - 🎮 Сохранена игра: Monster Hunter: World (ID: 582010)
2026-07-26 05:46:54,997 - INFO - parse_steam - 🎮 Сохранена игра: Heroes & Generals (ID: 227940)
2026-07-26 05:46:54,998 - INFO - parse_steam - 🎮 Сохранена игра: Rocket League (ID: 252950)
2026-07-26 05:46:54,999 - INFO - parse_steam - 🎮 Сохранена игра: Project Zomboid (ID: 108600)
2026-07-26 05:46:54,999 - INFO - parse_steam - 🎮 Сохранена игра: Lethal Company (ID: 1966720)
2026-07-26 05:46:55,000 - INFO - parse_steam - 🎮 Сохранена игра: Red Dead Redemption 2 (ID: 1174180)
2026-07-26 05:46:55,001 - INFO - parse_steam - 🎮 Сохранена игра: Battlefield 2042 (ID: 1517290)
2026-07-26 05:46:55,002 - INFO - parse_steam - 🎮 Сохранена игра: Halo Infinite (ID: 1240440)
2026-07-26 05:46:55,003 - INFO - parse_steam - 🎮 Сохранена игра: Raft (ID: 648800)
2026-07-26 05:46:55,004 - INFO - parse_steam - 🎮 Сохранена игра: SMITE (ID: 386360)
2026-07-26 05:46:55,005 - INFO - parse_steam - 🎮 Сохранена игра: World of Tanks Blitz (ID: 444200)
2026-07-26 05:46:55,006 - INFO - parse_steam - 🎮 Сохранена игра: Counter-Strike (ID: 10)
2026-07-26 05:46:55,007 - INFO - parse_steam - 🎮 Сохранена игра: Counter-Strike: Source (ID: 240)
2026-07-26 05:46:55,008 - INFO - parse_steam - 🎮 Сохранена игра: Schedule I (ID: 3164500)
2026-07-26 05:46:55,009 - INFO - parse_steam - 🎮 Сохранена игра: Ring of Elysium (ID: 755790)
2026-07-26 05:46:55,010 - INFO - parse_steam - 🎮 Сохранена игра: Portal (ID: 400)
2026-07-26 05:46:55,011 - INFO - parse_steam - 🎮 Сохранена игра: The Sims 4 (ID: 1222670)
2026-07-26 05:46:55,012 - INFO - parse_steam - 🎮 Сохранена игра: Black Squad (ID: 550650)
2026-07-26 05:46:55,013 - INFO - parse_steam - 🎮 Сохранена игра: Don't Starve Together (ID: 322330)
2026-07-26 05:46:55,014 - INFO - parse_steam - 🎮 Сохранена игра: Dying Light (ID: 239140)
2026-07-26 05:46:55,015 - INFO - parse_steam - 🎮 Сохранена игра: Human Fall Flat (ID: 477160)
2026-07-26 05:46:55,016 - INFO - parse_steam - 🎮 Сохранена игра: 7 Days to Die (ID: 251570)
2026-07-26 05:46:55,017 - INFO - parse_steam - 🎮 Сохранена игра: Counter-Strike: Condition Zero (ID: 100)
2026-07-26 05:46:55,017 - INFO - parse_steam - 🎮 Сохранена игра: eFootball (ID: 1665460)
2026-07-26 05:46:55,018 - INFO - parse_steam - 🎮 Сохранена игра: Street Warriors Online (ID: 417910)
2026-07-26 05:46:55,019 - INFO - parse_steam - 🎮 Сохранена игра: Z1 Battle Royale (ID: 433850)
2026-07-26 05:46:55,020 - INFO - parse_steam - 🎮 Сохранена игра: Hunt: Showdown 1896 (ID: 594650)
2026-07-26 05:46:55,021 - INFO - parse_steam - 🎮 Сохранена игра: Sekiro: Shadows Die Twice - GOTY Edition (ID: 814380)
2026-07-26 05:46:55,021 - INFO - parse_steam - 🎮 Сохранена игра: CyberCorp (ID: 1116170)
2026-07-26 05:46:55,022 - INFO - parse_steam - 🎮 Сохранена игра: Half-Life 2 (ID: 220)
2026-07-26 05:46:55,024 - INFO - parse_steam - 🎮 Сохранена игра: Arma 3 (ID: 107410)
2026-07-26 05:46:55,025 - INFO - parse_steam - 🎮 Сохранена игра: Sons Of The Forest (ID: 1326470)
2026-07-26 05:46:55,026 - INFO - parse_steam - 🎮 Сохранена игра: Grim Dawn (ID: 219990)
2026-07-26 05:46:55,028 - INFO - parse_steam - 🎮 Сохранена игра: Cities: Skylines (ID: 255710)
2026-07-26 05:46:55,029 - INFO - parse_steam - 🎮 Сохранена игра: Mount & Blade II: Bannerlord (ID: 261550)
2026-07-26 05:46:55,030 - INFO - parse_steam - 🎮 Сохранена игра: Sid Meier's Civilization V (ID: 8930)
2026-07-26 05:46:55,031 - INFO - parse_steam - 🎮 Сохранена игра: Trove (ID: 304050)
2026-07-26 05:46:55,031 - INFO - parse_steam - 🎮 Сохранена игра: Sid Meier’s Civilization VI (ID: 289070)
2026-07-26 05:46:55,032 - INFO - parse_steam - 🎮 Сохранена игра: Fallout 4 (ID: 377160)
2026-07-26 05:46:55,033 - INFO - parse_steam - 🎮 Сохранена игра: Life is Strange 2 (ID: 532210)
2026-07-26 05:46:55,034 - INFO - parse_steam - 🎮 Сохранена игра: Warhammer 40,000: Rogue Trader (ID: 2186680)
2026-07-26 05:46:55,035 - INFO - parse_steam - 🎮 Сохранена игра: Battlefield V (ID: 1238810)
2026-07-26 05:46:55,036 - INFO - parse_steam - 🎮 Сохранена игра: R.E.P.O. (ID: 3241660)
2026-07-26 05:46:55,037 - INFO - parse_steam - 🎮 Сохранена игра: DayZ (ID: 221100)
2026-07-26 05:46:55,037 - INFO - parse_steam - 🎮 Сохранена игра: Satisfactory (ID: 526870)
2026-07-26 05:46:55,038 - INFO - parse_steam - 🎮 Сохранена игра: NBA 2K20 (ID: 1089350)
2026-07-26 05:46:55,039 - INFO - parse_steam - 🎮 Сохранена игра: Risk of Rain 2 (ID: 632360)
2026-07-26 05:46:55,041 - INFO - parse_steam - 🎮 Сохранена игра: EA SPORTS FIFA 23 (ID: 1811260)
2026-07-26 05:46:55,042 - INFO - parse_steam - 💾 В базе данных теперь 100 игр
2026-07-26 05:46:55,055 - INFO - views - ✅ Ручное обновление данных завершено успешно
2026-07-26 05:46:55,057 - INFO - log - "POST /parse/ HTTP/1.1" 302 0
2026-07-26 05:46:55,067 - INFO - views - 📊 Запрошена страница со списком игр. Всего игр: 100
2026-07-26 05:46:55,069 - INFO - views - 📄 Отображена страница 1 из 5
2026-07-26 05:46:55,073 - INFO - log - "GET / HTTP/1.1" 200 14518
2026-07-26 05:48:59,013 - INFO - autoreload - Watching for file changes with StatReloader
2026-07-26 05:49:05,820 - INFO - views - 📊 Запрошена страница со списком игр. Всего игр: 100
2026-07-26 05:49:05,823 - INFO - views - 📄 Отображена страница 1 из 5
2026-07-26 05:49:05,835 - INFO - log - "GET / HTTP/1.1" 200 14518
2026-07-26 05:49:06,649 - INFO - views - 📊 Запрошена страница со списком игр. Всего игр: 100
2026-07-26 05:49:06,651 - INFO - views - 📄 Отображена страница 1 из 5
2026-07-26 05:49:06,654 - INFO - log - "GET / HTTP/1.1" 200 14518
2026-07-26 05:49:07,215 - INFO - views - 📊 Запрошена страница со списком игр. Всего игр: 100
2026-07-26 05:49:07,216 - INFO - views - 📄 Отображена страница 1 из 5
2026-07-26 05:49:07,220 - INFO - log - "GET / HTTP/1.1" 200 14518
2026-07-26 05:49:09,928 - INFO - views - 🔄 Ручное обновление данных через веб-интерфейс
2026-07-26 05:49:09,984 - INFO - parse_steam - 🚀 Начинаю парсинг Steam API
2026-07-26 05:49:09,984 - INFO - parse_steam - 📡 Отправляю запрос к SteamSpy API: https://steamspy.com/api.php?request=top100in2weeks
2026-07-26 05:49:10,102 - INFO - parse_steam - ✅ Получено 100 игр от API
2026-07-26 05:49:10,105 - INFO - parse_steam - 🎮 Сохранена игра: Counter-Strike: Global Offensive (ID: 730)
2026-07-26 05:49:10,107 - INFO - parse_steam - 🎮 Сохранена игра: Apex Legends (ID: 1172470)
2026-07-26 05:49:10,108 - INFO - parse_steam - 🎮 Сохранена игра: PUBG: BATTLEGROUNDS (ID: 578080)
2026-07-26 05:49:10,109 - INFO - parse_steam - 🎮 Сохранена игра: Palworld (ID: 1623730)
2026-07-26 05:49:10,109 - INFO - parse_steam - 🎮 Сохранена игра: Team Fortress 2 (ID: 440)
2026-07-26 05:49:10,110 - INFO - parse_steam - 🎮 Сохранена игра: Call of Duty: Modern Warfare II (ID: 1938090)
2026-07-26 05:49:10,111 - INFO - parse_steam - 🎮 Сохранена игра: New World: Aeternum (ID: 1063730)
2026-07-26 05:49:10,112 - INFO - parse_steam - 🎮 Сохранена игра: Black Myth: Wukong (ID: 2358720)
2026-07-26 05:49:10,114 - INFO - parse_steam - 🎮 Сохранена игра: Grand Theft Auto V Legacy (ID: 271590)
2026-07-26 05:49:10,115 - INFO - parse_steam - 🎮 Сохранена игра: Left 4 Dead 2 (ID: 550)
2026-07-26 05:49:10,116 - INFO - parse_steam - 🎮 Сохранена игра: Unturned (ID: 304930)
2026-07-26 05:49:10,117 - INFO - parse_steam - 🎮 Сохранена игра: Lost Ark (ID: 1599340)
2026-07-26 05:49:10,119 - INFO - parse_steam - 🎮 Сохранена игра: War Thunder (ID: 236390)
2026-07-26 05:49:10,120 - INFO - parse_steam - 🎮 Сохранена игра: Monster Hunter Wilds (ID: 2246340)
2026-07-26 05:49:10,120 - INFO - parse_steam - 🎮 Сохранена игра: HELLDIVERS 2 (ID: 553850)
2026-07-26 05:49:10,121 - INFO - parse_steam - 🎮 Сохранена игра: Warframe (ID: 230410)
2026-07-26 05:49:10,122 - INFO - parse_steam - 🎮 Сохранена игра: ELDEN RING (ID: 1245620)
2026-07-26 05:49:10,123 - INFO - parse_steam - 🎮 Сохранена игра: Terraria (ID: 105600)
2026-07-26 05:49:10,124 - INFO - parse_steam - 🎮 Сохранена игра: Path of Exile 2 (ID: 2694490)
2026-07-26 05:49:10,125 - INFO - parse_steam - 🎮 Сохранена игра: Wallpaper Engine (ID: 431960)
2026-07-26 05:49:10,126 - INFO - parse_steam - 🎮 Сохранена игра: Baldur's Gate 3 (ID: 1086940)
2026-07-26 05:49:10,127 - INFO - parse_steam - 🎮 Сохранена игра: Brawlhalla (ID: 291550)
2026-07-26 05:49:10,128 - INFO - parse_steam - 🎮 Сохранена игра: Garry's Mod (ID: 4000)
2026-07-26 05:49:10,129 - INFO - parse_steam - 🎮 Сохранена игра: Destiny 2 (ID: 1085660)
2026-07-26 05:49:10,129 - INFO - parse_steam - 🎮 Сохранена игра: Tom Clancy's Rainbow Six Siege (ID: 359550)
2026-07-26 05:49:10,130 - INFO - parse_steam - 🎮 Сохранена игра: Rust (ID: 252490)
2026-07-26 05:49:10,131 - INFO - parse_steam - 🎮 Сохранена игра: World of Warships (ID: 552990)
2026-07-26 05:49:10,132 - INFO - parse_steam - 🎮 Сохранена игра: ARK: Survival Evolved (ID: 346110)
2026-07-26 05:49:10,134 - INFO - parse_steam - 🎮 Сохранена игра: Stardew Valley (ID: 413150)
2026-07-26 05:49:10,135 - INFO - parse_steam - 🎮 Сохранена игра: The Forest (ID: 242760)
2026-07-26 05:49:10,136 - INFO - parse_steam - 🎮 Сохранена игра: War Robots: Frontiers (ID: 1491000)
2026-07-26 05:49:10,137 - INFO - parse_steam - 🎮 Сохранена игра: Path of Exile (ID: 238960)
2026-07-26 05:49:10,138 - INFO - parse_steam - 🎮 Сохранена игра: PAYDAY 2 (ID: 218620)
2026-07-26 05:49:10,139 - INFO - parse_steam - 🎮 Сохранена игра: Warface: Clutch (ID: 291480)
2026-07-26 05:49:10,140 - INFO - parse_steam - 🎮 Сохранена игра: Grand Theft Auto IV: Complete Edition (ID: 901583)
2026-07-26 05:49:10,141 - INFO - parse_steam - 🎮 Сохранена игра: Last Epoch (ID: 899770)
2026-07-26 05:49:10,142 - INFO - parse_steam - 🎮 Сохранена игра: Half-Life 2: Lost Coast (ID: 340)
2026-07-26 05:49:10,143 - INFO - parse_steam - 🎮 Сохранена игра: Cyberpunk 2077 (ID: 1091500)
2026-07-26 05:49:10,144 - INFO - parse_steam - 🎮 Сохранена игра: Dead by Daylight (ID: 381210)
2026-07-26 05:49:10,145 - INFO - parse_steam - 🎮 Сохранена игра: Hogwarts Legacy (ID: 990080)
2026-07-26 05:49:10,146 - INFO - parse_steam - 🎮 Сохранена игра: VRChat (ID: 438100)
2026-07-26 05:49:10,147 - INFO - parse_steam - 🎮 Сохранена игра: The Witcher 3: Wild Hunt (ID: 292030)
2026-07-26 05:49:10,147 - INFO - parse_steam - 🎮 Сохранена игра: Among Us (ID: 945360)
2026-07-26 05:49:10,148 - INFO - parse_steam - 🎮 Сохранена игра: Fall Guys: Ultimate Knockout (ID: 1097150)
2026-07-26 05:49:10,149 - INFO - parse_steam - 🎮 Сохранена игра: Borderlands 2 (ID: 49520)
2026-07-26 05:49:10,150 - INFO - parse_steam - 🎮 Сохранена игра: Euro Truck Simulator 2 (ID: 227300)
2026-07-26 05:49:10,151 - INFO - parse_steam - 🎮 Сохранена игра: Valheim (ID: 892970)
2026-07-26 05:49:10,152 - INFO - parse_steam - 🎮 Сохранена игра: Phasmophobia (ID: 739630)
2026-07-26 05:49:10,153 - INFO - parse_steam - 🎮 Сохранена игра: Paladins (ID: 444090)
2026-07-26 05:49:10,154 - INFO - parse_steam - 🎮 Сохранена игра: NARAKA: BLADEPOINT (ID: 1203220)
2026-07-26 05:49:10,155 - INFO - parse_steam - 🎮 Сохранена игра: Half-Life 2: Deathmatch (ID: 320)
2026-07-26 05:49:10,156 - INFO - parse_steam - 🎮 Сохранена игра: Half-Life (ID: 70)
2026-07-26 05:49:10,157 - INFO - parse_steam - 🎮 Сохранена игра: Monster Hunter: World (ID: 582010)
2026-07-26 05:49:10,158 - INFO - parse_steam - 🎮 Сохранена игра: Heroes & Generals (ID: 227940)
2026-07-26 05:49:10,159 - INFO - parse_steam - 🎮 Сохранена игра: Rocket League (ID: 252950)
2026-07-26 05:49:10,160 - INFO - parse_steam - 🎮 Сохранена игра: Project Zomboid (ID: 108600)
2026-07-26 05:49:10,161 - INFO - parse_steam - 🎮 Сохранена игра: Lethal Company (ID: 1966720)
2026-07-26 05:49:10,162 - INFO - parse_steam - 🎮 Сохранена игра: Red Dead Redemption 2 (ID: 1174180)
2026-07-26 05:49:10,163 - INFO - parse_steam - 🎮 Сохранена игра: Battlefield 2042 (ID: 1517290)
2026-07-26 05:49:10,163 - INFO - parse_steam - 🎮 Сохранена игра: Halo Infinite (ID: 1240440)
2026-07-26 05:49:10,165 - INFO - parse_steam - 🎮 Сохранена игра: Raft (ID: 648800)
2026-07-26 05:49:10,166 - INFO - parse_steam - 🎮 Сохранена игра: SMITE (ID: 386360)
2026-07-26 05:49:10,167 - INFO - parse_steam - 🎮 Сохранена игра: World of Tanks Blitz (ID: 444200)
2026-07-26 05:49:10,167 - INFO - parse_steam - 🎮 Сохранена игра: Counter-Strike (ID: 10)
2026-07-26 05:49:10,168 - INFO - parse_steam - 🎮 Сохранена игра: Counter-Strike: Source (ID: 240)
2026-07-26 05:49:10,169 - INFO - parse_steam - 🎮 Сохранена игра: Schedule I (ID: 3164500)
2026-07-26 05:49:10,170 - INFO - parse_steam - 🎮 Сохранена игра: Ring of Elysium (ID: 755790)
2026-07-26 05:49:10,171 - INFO - parse_steam - 🎮 Сохранена игра: Portal (ID: 400)
2026-07-26 05:49:10,172 - INFO - parse_steam - 🎮 Сохранена игра: The Sims 4 (ID: 1222670)
2026-07-26 05:49:10,173 - INFO - parse_steam - 🎮 Сохранена игра: Black Squad (ID: 550650)
2026-07-26 05:49:10,174 - INFO - parse_steam - 🎮 Сохранена игра: Don't Starve Together (ID: 322330)
2026-07-26 05:49:10,175 - INFO - parse_steam - 🎮 Сохранена игра: Dying Light (ID: 239140)
2026-07-26 05:49:10,176 - INFO - parse_steam - 🎮 Сохранена игра: Human Fall Flat (ID: 477160)
2026-07-26 05:49:10,177 - INFO - parse_steam - 🎮 Сохранена игра: 7 Days to Die (ID: 251570)
2026-07-26 05:49:10,178 - INFO - parse_steam - 🎮 Сохранена игра: Counter-Strike: Condition Zero (ID: 100)
2026-07-26 05:49:10,179 - INFO - parse_steam - 🎮 Сохранена игра: eFootball (ID: 1665460)
2026-07-26 05:49:10,179 - INFO - parse_steam - 🎮 Сохранена игра: Street Warriors Online (ID: 417910)
2026-07-26 05:49:10,180 - INFO - parse_steam - 🎮 Сохранена игра: Z1 Battle Royale (ID: 433850)
2026-07-26 05:49:10,181 - INFO - parse_steam - 🎮 Сохранена игра: Hunt: Showdown 1896 (ID: 594650)
2026-07-26 05:49:10,182 - INFO - parse_steam - 🎮 Сохранена игра: Sekiro: Shadows Die Twice - GOTY Edition (ID: 814380)
2026-07-26 05:49:10,183 - INFO - parse_steam - 🎮 Сохранена игра: CyberCorp (ID: 1116170)
2026-07-26 05:49:10,184 - INFO - parse_steam - 🎮 Сохранена игра: Half-Life 2 (ID: 220)
2026-07-26 05:49:10,184 - INFO - parse_steam - 🎮 Сохранена игра: Arma 3 (ID: 107410)
2026-07-26 05:49:10,186 - INFO - parse_steam - 🎮 Сохранена игра: Sons Of The Forest (ID: 1326470)
2026-07-26 05:49:10,187 - INFO - parse_steam - 🎮 Сохранена игра: Grim Dawn (ID: 219990)
2026-07-26 05:49:10,188 - INFO - parse_steam - 🎮 Сохранена игра: Cities: Skylines (ID: 255710)
2026-07-26 05:49:10,189 - INFO - parse_steam - 🎮 Сохранена игра: Mount & Blade II: Bannerlord (ID: 261550)
2026-07-26 05:49:10,190 - INFO - parse_steam - 🎮 Сохранена игра: Sid Meier's Civilization V (ID: 8930)
2026-07-26 05:49:10,191 - INFO - parse_steam - 🎮 Сохранена игра: Trove (ID: 304050)
2026-07-26 05:49:10,191 - INFO - parse_steam - 🎮 Сохранена игра: Sid Meier’s Civilization VI (ID: 289070)
2026-07-26 05:49:10,192 - INFO - parse_steam - 🎮 Сохранена игра: Fallout 4 (ID: 377160)
2026-07-26 05:49:10,193 - INFO - parse_steam - 🎮 Сохранена игра: Life is Strange 2 (ID: 532210)
2026-07-26 05:49:10,194 - INFO - parse_steam - 🎮 Сохранена игра: Warhammer 40,000: Rogue Trader (ID: 2186680)
2026-07-26 05:49:10,195 - INFO - parse_steam - 🎮 Сохранена игра: Battlefield V (ID: 1238810)
2026-07-26 05:49:10,196 - INFO - parse_steam - 🎮 Сохранена игра: R.E.P.O. (ID: 3241660)
2026-07-26 05:49:10,197 - INFO - parse_steam - 🎮 Сохранена игра: DayZ (ID: 221100)
2026-07-26 05:49:10,198 - INFO - parse_steam - 🎮 Сохранена игра: Satisfactory (ID: 526870)
2026-07-26 05:49:10,199 - INFO - parse_steam - 🎮 Сохранена игра: NBA 2K20 (ID: 1089350)
2026-07-26 05:49:10,200 - INFO - parse_steam - 🎮 Сохранена игра: Risk of Rain 2 (ID: 632360)
2026-07-26 05:49:10,201 - INFO - parse_steam - 🎮 Сохранена игра: EA SPORTS FIFA 23 (ID: 1811260)
2026-07-26 05:49:10,201 - INFO - parse_steam - 💾 В базе данных теперь 100 игр
2026-07-26 05:49:10,213 - INFO - views - ✅ Ручное обновление данных завершено успешно
2026-07-26 05:49:10,214 - INFO - log - "POST /parse/ HTTP/1.1" 302 0
2026-07-26 05:49:10,218 - INFO - views - 📊 Запрошена страница со списком игр. Всего игр: 100
2026-07-26 05:49:10,220 - INFO - views - 📄 Отображена страница 1 из 5
2026-07-26 05:49:10,227 - INFO - log - "GET / HTTP/1.1" 200 14518
2026-07-26 06:04:30,767 - INFO - autoreload - Watching for file changes with StatReloader
2026-07-26 06:04:38,227 - INFO - views - 📊 Запрошена страница со списком игр. Всего игр: 100
2026-07-26 06:04:38,229 - INFO - views - 📄 Отображена страница 1 из 5
2026-07-26 06:04:38,241 - INFO - log - "GET / HTTP/1.1" 200 14518
2026-07-26 08:23:21,034 - INFO - autoreload - Watching for file changes with StatReloader
2026-07-26 08:23:32,202 - INFO - views - 📊 Запрошена страница со списком игр. Всего игр: 0
2026-07-26 08:23:32,204 - INFO - views - 📄 Отображена страница 1 из 1
2026-07-26 08:23:32,217 - INFO - log - "GET / HTTP/1.1" 200 6117
2026-07-26 08:23:33,934 - INFO - views - 🔄 Ручное обновление данных через веб-интерфейс
2026-07-26 08:23:33,994 - INFO - parse_steam - 🚀 Начинаю парсинг Steam API
2026-07-26 08:23:33,995 - INFO - parse_steam - 📡 Отправляю запрос к SteamSpy API: https://steamspy.com/api.php?request=top100in2weeks
2026-07-26 08:23:34,109 - INFO - parse_steam - ✅ Получено 100 игр от API
2026-07-26 08:23:34,109 - INFO - parse_steam - 🔍 Доступные поля: ['appid', 'name', 'developer', 'publisher', 'score_rank', 'positive', 'negative', 'userscore', 'owners', 'average_forever', 'average_2weeks', 'median_forever', 'median_2weeks', 'price', 'initialprice', 'discount', 'ccu']
2026-07-26 08:23:34,112 - INFO - parse_steam - 🎮 Сохранена игра: Counter-Strike: Global Offensive (ID: 730) - CCU: 1013936, Владельцев: 100,000,000 .. 200,000,000
2026-07-26 08:23:34,113 - INFO - parse_steam - 🎮 Сохранена игра: Apex Legends (ID: 1172470) - CCU: 124262, Владельцев: 100,000,000 .. 200,000,000
2026-07-26 08:23:34,114 - INFO - parse_steam - 🎮 Сохранена игра: PUBG: BATTLEGROUNDS (ID: 578080) - CCU: 314682, Владельцев: 100,000,000 .. 200,000,000
2026-07-26 08:23:34,115 - INFO - parse_steam - 🎮 Сохранена игра: Palworld (ID: 1623730) - CCU: 18028, Владельцев: 50,000,000 .. 100,000,000
2026-07-26 08:23:34,115 - INFO - parse_steam - 🎮 Сохранена игра: Team Fortress 2 (ID: 440) - CCU: 43819, Владельцев: 50,000,000 .. 100,000,000
2026-07-26 08:23:34,116 - INFO - parse_steam - 🎮 Сохранена игра: Call of Duty: Modern Warfare II (ID: 1938090) - CCU: 67419, Владельцев: 50,000,000 .. 100,000,000
2026-07-26 08:23:34,117 - INFO - parse_steam - 🎮 Сохранена игра: New World: Aeternum (ID: 1063730) - CCU: 5583, Владельцев: 50,000,000 .. 100,000,000
2026-07-26 08:23:34,117 - INFO - parse_steam - 🎮 Сохранена игра: Black Myth: Wukong (ID: 2358720) - CCU: 15004, Владельцев: 50,000,000 .. 100,000,000
2026-07-26 08:23:34,118 - INFO - parse_steam - 🎮 Сохранена игра: Grand Theft Auto V Legacy (ID: 271590) - CCU: 67851, Владельцев: 50,000,000 .. 100,000,000
2026-07-26 08:23:34,118 - INFO - parse_steam - 🎮 Сохранена игра: Left 4 Dead 2 (ID: 550) - CCU: 25122, Владельцев: 50,000,000 .. 100,000,000
2026-07-26 08:23:34,119 - INFO - parse_steam - 🎮 Сохранена игра: Unturned (ID: 304930) - CCU: 10408, Владельцев: 50,000,000 .. 100,000,000
2026-07-26 08:23:34,120 - INFO - parse_steam - 🎮 Сохранена игра: Lost Ark (ID: 1599340) - CCU: 17355, Владельцев: 50,000,000 .. 100,000,000
2026-07-26 08:23:34,120 - INFO - parse_steam - 🎮 Сохранена игра: War Thunder (ID: 236390) - CCU: 50478, Владельцев: 20,000,000 .. 50,000,000
2026-07-26 08:23:34,121 - INFO - parse_steam - 🎮 Сохранена игра: Monster Hunter Wilds (ID: 2246340) - CCU: 12494, Владельцев: 20,000,000 .. 50,000,000
2026-07-26 08:23:34,121 - INFO - parse_steam - 🎮 Сохранена игра: HELLDIVERS 2 (ID: 553850) - CCU: 53399, Владельцев: 20,000,000 .. 50,000,000
2026-07-26 08:23:34,122 - INFO - parse_steam - 🎮 Сохранена игра: Warframe (ID: 230410) - CCU: 36195, Владельцев: 20,000,000 .. 50,000,000
2026-07-26 08:23:34,123 - INFO - parse_steam - 🎮 Сохранена игра: ELDEN RING (ID: 1245620) - CCU: 29529, Владельцев: 20,000,000 .. 50,000,000
2026-07-26 08:23:34,124 - INFO - parse_steam - 🎮 Сохранена игра: Terraria (ID: 105600) - CCU: 24580, Владельцев: 20,000,000 .. 50,000,000
2026-07-26 08:23:34,124 - INFO - parse_steam - 🎮 Сохранена игра: Path of Exile 2 (ID: 2694490) - CCU: 16727, Владельцев: 20,000,000 .. 50,000,000
2026-07-26 08:23:34,125 - INFO - parse_steam - 🎮 Сохранена игра: Wallpaper Engine (ID: 431960) - CCU: 91184, Владельцев: 20,000,000 .. 50,000,000
2026-07-26 08:23:34,126 - INFO - parse_steam - 🎮 Сохранена игра: Baldur's Gate 3 (ID: 1086940) - CCU: 54771, Владельцев: 20,000,000 .. 50,000,000
2026-07-26 08:23:34,126 - INFO - parse_steam - 🎮 Сохранена игра: Brawlhalla (ID: 291550) - CCU: 14169, Владельцев: 20,000,000 .. 50,000,000
2026-07-26 08:23:34,127 - INFO - parse_steam - 🎮 Сохранена игра: Garry's Mod (ID: 4000) - CCU: 18400, Владельцев: 20,000,000 .. 50,000,000
2026-07-26 08:23:34,128 - INFO - parse_steam - 🎮 Сохранена игра: Destiny 2 (ID: 1085660) - CCU: 24619, Владельцев: 20,000,000 .. 50,000,000
2026-07-26 08:23:34,128 - INFO - parse_steam - 🎮 Сохранена игра: Tom Clancy's Rainbow Six Siege (ID: 359550) - CCU: 51847, Владельцев: 20,000,000 .. 50,000,000
2026-07-26 08:23:34,129 - INFO - parse_steam - 🎮 Сохранена игра: Rust (ID: 252490) - CCU: 143870, Владельцев: 20,000,000 .. 50,000,000
2026-07-26 08:23:34,130 - INFO - parse_steam - 🎮 Сохранена игра: World of Warships (ID: 552990) - CCU: 8518, Владельцев: 20,000,000 .. 50,000,000
2026-07-26 08:23:34,131 - INFO - parse_steam - 🎮 Сохранена игра: ARK: Survival Evolved (ID: 346110) - CCU: 22170, Владельцев: 20,000,000 .. 50,000,000
2026-07-26 08:23:34,132 - INFO - parse_steam - 🎮 Сохранена игра: Stardew Valley (ID: 413150) - CCU: 50662, Владельцев: 20,000,000 .. 50,000,000
2026-07-26 08:23:34,133 - INFO - parse_steam - 🎮 Сохранена игра: The Forest (ID: 242760) - CCU: 2892, Владельцев: 20,000,000 .. 50,000,000
2026-07-26 08:23:34,134 - INFO - parse_steam - 🎮 Сохранена игра: War Robots: Frontiers (ID: 1491000) - CCU: 256, Владельцев: 20,000,000 .. 50,000,000
2026-07-26 08:23:34,135 - INFO - parse_steam - 🎮 Сохранена игра: Path of Exile (ID: 238960) - CCU: 4694, Владельцев: 20,000,000 .. 50,000,000
2026-07-26 08:23:34,135 - INFO - parse_steam - 🎮 Сохранена игра: PAYDAY 2 (ID: 218620) - CCU: 27254, Владельцев: 20,000,000 .. 50,000,000
2026-07-26 08:23:34,136 - INFO - parse_steam - 🎮 Сохранена игра: Warface: Clutch (ID: 291480) - CCU: 270, Владельцев: 20,000,000 .. 50,000,000
2026-07-26 08:23:34,137 - INFO - parse_steam - 🎮 Сохранена игра: Grand Theft Auto IV: Complete Edition (ID: 901583) - CCU: 0, Владельцев: 20,000,000 .. 50,000,000
2026-07-26 08:23:34,137 - INFO - parse_steam - 🎮 Сохранена игра: Last Epoch (ID: 899770) - CCU: 5831, Владельцев: 20,000,000 .. 50,000,000
2026-07-26 08:23:34,138 - INFO - parse_steam - 🎮 Сохранена игра: Half-Life 2: Lost Coast (ID: 340) - CCU: 2, Владельцев: 20,000,000 .. 50,000,000
2026-07-26 08:23:34,138 - INFO - parse_steam - 🎮 Сохранена игра: Cyberpunk 2077 (ID: 1091500) - CCU: 22265, Владельцев: 20,000,000 .. 50,000,000
2026-07-26 08:23:34,139 - INFO - parse_steam - 🎮 Сохранена игра: Dead by Daylight (ID: 381210) - CCU: 44886, Владельцев: 20,000,000 .. 50,000,000
2026-07-26 08:23:34,140 - INFO - parse_steam - 🎮 Сохранена игра: Hogwarts Legacy (ID: 990080) - CCU: 5716, Владельцев: 20,000,000 .. 50,000,000
2026-07-26 08:23:34,140 - INFO - parse_steam - 🎮 Сохранена игра: VRChat (ID: 438100) - CCU: 34699, Владельцев: 20,000,000 .. 50,000,000
2026-07-26 08:23:34,141 - INFO - parse_steam - 🎮 Сохранена игра: The Witcher 3: Wild Hunt (ID: 292030) - CCU: 15893, Владельцев: 20,000,000 .. 50,000,000
2026-07-26 08:23:34,142 - INFO - parse_steam - 🎮 Сохранена игра: Among Us (ID: 945360) - CCU: 3832, Владельцев: 20,000,000 .. 50,000,000
2026-07-26 08:23:34,143 - INFO - parse_steam - 🎮 Сохранена игра: Fall Guys: Ultimate Knockout (ID: 1097150) - CCU: 664, Владельцев: 20,000,000 .. 50,000,000
2026-07-26 08:23:34,144 - INFO - parse_steam - 🎮 Сохранена игра: Borderlands 2 (ID: 49520) - CCU: 8551, Владельцев: 10,000,000 .. 20,000,000
2026-07-26 08:23:34,144 - INFO - parse_steam - 🎮 Сохранена игра: Euro Truck Simulator 2 (ID: 227300) - CCU: 17281, Владельцев: 10,000,000 .. 20,000,000
2026-07-26 08:23:34,145 - INFO - parse_steam - 🎮 Сохранена игра: Valheim (ID: 892970) - CCU: 14439, Владельцев: 10,000,000 .. 20,000,000
2026-07-26 08:23:34,146 - INFO - parse_steam - 🎮 Сохранена игра: Phasmophobia (ID: 739630) - CCU: 9978, Владельцев: 10,000,000 .. 20,000,000
2026-07-26 08:23:34,147 - INFO - parse_steam - 🎮 Сохранена игра: Paladins (ID: 444090) - CCU: 1028, Владельцев: 10,000,000 .. 20,000,000
2026-07-26 08:23:34,148 - INFO - parse_steam - 🎮 Сохранена игра: NARAKA: BLADEPOINT (ID: 1203220) - CCU: 66954, Владельцев: 10,000,000 .. 20,000,000
2026-07-26 08:23:34,149 - INFO - parse_steam - 🎮 Сохранена игра: Half-Life 2: Deathmatch (ID: 320) - CCU: 159, Владельцев: 10,000,000 .. 20,000,000
2026-07-26 08:23:34,150 - INFO - parse_steam - 🎮 Сохранена игра: Half-Life (ID: 70) - CCU: 634, Владельцев: 10,000,000 .. 20,000,000
2026-07-26 08:23:34,151 - INFO - parse_steam - 🎮 Сохранена игра: Monster Hunter: World (ID: 582010) - CCU: 11923, Владельцев: 10,000,000 .. 20,000,000
2026-07-26 08:23:34,151 - INFO - parse_steam - 🎮 Сохранена игра: Heroes & Generals (ID: 227940) - CCU: 0, Владельцев: 10,000,000 .. 20,000,000
2026-07-26 08:23:34,152 - INFO - parse_steam - 🎮 Сохранена игра: Rocket League (ID: 252950) - CCU: 21106, Владельцев: 10,000,000 .. 20,000,000
2026-07-26 08:23:34,153 - INFO - parse_steam - 🎮 Сохранена игра: Project Zomboid (ID: 108600) - CCU: 22864, Владельцев: 10,000,000 .. 20,000,000
2026-07-26 08:23:34,154 - INFO - parse_steam - 🎮 Сохранена игра: Lethal Company (ID: 1966720) - CCU: 6199, Владельцев: 10,000,000 .. 20,000,000
2026-07-26 08:23:34,155 - INFO - parse_steam - 🎮 Сохранена игра: Red Dead Redemption 2 (ID: 1174180) - CCU: 29885, Владельцев: 10,000,000 .. 20,000,000
2026-07-26 08:23:34,155 - INFO - parse_steam - 🎮 Сохранена игра: Battlefield 2042 (ID: 1517290) - CCU: 2774, Владельцев: 10,000,000 .. 20,000,000
2026-07-26 08:23:34,156 - INFO - parse_steam - 🎮 Сохранена игра: Halo Infinite (ID: 1240440) - CCU: 2275, Владельцев: 10,000,000 .. 20,000,000
2026-07-26 08:23:34,157 - INFO - parse_steam - 🎮 Сохранена игра: Raft (ID: 648800) - CCU: 4701, Владельцев: 10,000,000 .. 20,000,000
2026-07-26 08:23:34,157 - INFO - parse_steam - 🎮 Сохранена игра: SMITE (ID: 386360) - CCU: 1853, Владельцев: 10,000,000 .. 20,000,000
2026-07-26 08:23:34,158 - INFO - parse_steam - 🎮 Сохранена игра: World of Tanks Blitz (ID: 444200) - CCU: 5707, Владельцев: 10,000,000 .. 20,000,000
2026-07-26 08:23:34,159 - INFO - parse_steam - 🎮 Сохранена игра: Counter-Strike (ID: 10) - CCU: 7323, Владельцев: 10,000,000 .. 20,000,000
2026-07-26 08:23:34,160 - INFO - parse_steam - 🎮 Сохранена игра: Counter-Strike: Source (ID: 240) - CCU: 6187, Владельцев: 10,000,000 .. 20,000,000
2026-07-26 08:23:34,161 - INFO - parse_steam - 🎮 Сохранена игра: Schedule I (ID: 3164500) - CCU: 22757, Владельцев: 10,000,000 .. 20,000,000
2026-07-26 08:23:34,161 - INFO - parse_steam - 🎮 Сохранена игра: Ring of Elysium (ID: 755790) - CCU: 0, Владельцев: 10,000,000 .. 20,000,000
2026-07-26 08:23:34,163 - INFO - parse_steam - 🎮 Сохранена игра: Portal (ID: 400) - CCU: 638, Владельцев: 10,000,000 .. 20,000,000
2026-07-26 08:23:34,164 - INFO - parse_steam - 🎮 Сохранена игра: The Sims 4 (ID: 1222670) - CCU: 25276, Владельцев: 10,000,000 .. 20,000,000
2026-07-26 08:23:34,165 - INFO - parse_steam - 🎮 Сохранена игра: Black Squad (ID: 550650) - CCU: 212, Владельцев: 10,000,000 .. 20,000,000
2026-07-26 08:23:34,166 - INFO - parse_steam - 🎮 Сохранена игра: Don't Starve Together (ID: 322330) - CCU: 30542, Владельцев: 10,000,000 .. 20,000,000
2026-07-26 08:23:34,167 - INFO - parse_steam - 🎮 Сохранена игра: Dying Light (ID: 239140) - CCU: 4953, Владельцев: 10,000,000 .. 20,000,000
2026-07-26 08:23:34,167 - INFO - parse_steam - 🎮 Сохранена игра: Human Fall Flat (ID: 477160) - CCU: 950, Владельцев: 10,000,000 .. 20,000,000
2026-07-26 08:23:34,168 - INFO - parse_steam - 🎮 Сохранена игра: 7 Days to Die (ID: 251570) - CCU: 17045, Владельцев: 10,000,000 .. 20,000,000
2026-07-26 08:23:34,169 - INFO - parse_steam - 🎮 Сохранена игра: Counter-Strike: Condition Zero (ID: 100) - CCU: 83, Владельцев: 10,000,000 .. 20,000,000
2026-07-26 08:23:34,170 - INFO - parse_steam - 🎮 Сохранена игра: eFootball (ID: 1665460) - CCU: 13404, Владельцев: 10,000,000 .. 20,000,000
2026-07-26 08:23:34,171 - INFO - parse_steam - 🎮 Сохранена игра: Street Warriors Online (ID: 417910) - CCU: 1, Владельцев: 10,000,000 .. 20,000,000
2026-07-26 08:23:34,171 - INFO - parse_steam - 🎮 Сохранена игра: Z1 Battle Royale (ID: 433850) - CCU: 1010, Владельцев: 10,000,000 .. 20,000,000
2026-07-26 08:23:34,172 - INFO - parse_steam - 🎮 Сохранена игра: Hunt: Showdown 1896 (ID: 594650) - CCU: 6300, Владельцев: 10,000,000 .. 20,000,000
2026-07-26 08:23:34,173 - INFO - parse_steam - 🎮 Сохранена игра: Sekiro: Shadows Die Twice - GOTY Edition (ID: 814380) - CCU: 6767, Владельцев: 10,000,000 .. 20,000,000
2026-07-26 08:23:34,173 - INFO - parse_steam - 🎮 Сохранена игра: CyberCorp (ID: 1116170) - CCU: 3, Владельцев: 10,000,000 .. 20,000,000
2026-07-26 08:23:34,174 - INFO - parse_steam - 🎮 Сохранена игра: Half-Life 2 (ID: 220) - CCU: 1555, Владельцев: 10,000,000 .. 20,000,000
2026-07-26 08:23:34,175 - INFO - parse_steam - 🎮 Сохранена игра: Arma 3 (ID: 107410) - CCU: 7181, Владельцев: 10,000,000 .. 20,000,000
2026-07-26 08:23:34,176 - INFO - parse_steam - 🎮 Сохранена игра: Sons Of The Forest (ID: 1326470) - CCU: 4450, Владельцев: 10,000,000 .. 20,000,000
2026-07-26 08:23:34,176 - INFO - parse_steam - 🎮 Сохранена игра: Grim Dawn (ID: 219990) - CCU: 2376, Владельцев: 10,000,000 .. 20,000,000
2026-07-26 08:23:34,177 - INFO - parse_steam - 🎮 Сохранена игра: Cities: Skylines (ID: 255710) - CCU: 8842, Владельцев: 10,000,000 .. 20,000,000
2026-07-26 08:23:34,178 - INFO - parse_steam - 🎮 Сохранена игра: Mount & Blade II: Bannerlord (ID: 261550) - CCU: 14477, Владельцев: 10,000,000 .. 20,000,000
2026-07-26 08:23:34,179 - INFO - parse_steam - 🎮 Сохранена игра: Sid Meier's Civilization V (ID: 8930) - CCU: 12206, Владельцев: 10,000,000 .. 20,000,000
2026-07-26 08:23:34,180 - INFO - parse_steam - 🎮 Сохранена игра: Trove (ID: 304050) - CCU: 758, Владельцев: 10,000,000 .. 20,000,000
2026-07-26 08:23:34,181 - INFO - parse_steam - 🎮 Сохранена игра: Sid Meier’s Civilization VI (ID: 289070) - CCU: 25420, Владельцев: 10,000,000 .. 20,000,000
2026-07-26 08:23:34,182 - INFO - parse_steam - 🎮 Сохранена игра: Fallout 4 (ID: 377160) - CCU: 11179, Владельцев: 10,000,000 .. 20,000,000
2026-07-26 08:23:34,183 - INFO - parse_steam - 🎮 Сохранена игра: Life is Strange 2 (ID: 532210) - CCU: 153, Владельцев: 10,000,000 .. 20,000,000
2026-07-26 08:23:34,184 - INFO - parse_steam - 🎮 Сохранена игра: Warhammer 40,000: Rogue Trader (ID: 2186680) - CCU: 3582, Владельцев: 10,000,000 .. 20,000,000
2026-07-26 08:23:34,184 - INFO - parse_steam - 🎮 Сохранена игра: Battlefield V (ID: 1238810) - CCU: 6327, Владельцев: 10,000,000 .. 20,000,000
2026-07-26 08:23:34,185 - INFO - parse_steam - 🎮 Сохранена игра: R.E.P.O. (ID: 3241660) - CCU: 32349, Владельцев: 10,000,000 .. 20,000,000
2026-07-26 08:23:34,186 - INFO - parse_steam - 🎮 Сохранена игра: DayZ (ID: 221100) - CCU: 37066, Владельцев: 10,000,000 .. 20,000,000
2026-07-26 08:23:34,187 - INFO - parse_steam - 🎮 Сохранена игра: Satisfactory (ID: 526870) - CCU: 12596, Владельцев: 10,000,000 .. 20,000,000
2026-07-26 08:23:34,187 - INFO - parse_steam - 🎮 Сохранена игра: NBA 2K20 (ID: 1089350) - CCU: 221, Владельцев: 5,000,000 .. 10,000,000
2026-07-26 08:23:34,189 - INFO - parse_steam - 🎮 Сохранена игра: Risk of Rain 2 (ID: 632360) - CCU: 7902, Владельцев: 5,000,000 .. 10,000,000
2026-07-26 08:23:34,190 - INFO - parse_steam - 🎮 Сохранена игра: EA SPORTS FIFA 23 (ID: 1811260) - CCU: 1280, Владельцев: 5,000,000 .. 10,000,000
2026-07-26 08:23:34,190 - INFO - parse_steam - 💾 В базе данных теперь 100 игр
2026-07-26 08:23:34,191 - INFO - parse_steam - 🏆 Топ-1: Counter-Strike: Global Offensive - CCU: 1013936
2026-07-26 08:23:34,191 - INFO - parse_steam - 🏆 Топ-2: PUBG: BATTLEGROUNDS - CCU: 314682
2026-07-26 08:23:34,191 - INFO - parse_steam - 🏆 Топ-3: Rust - CCU: 143870
2026-07-26 08:23:34,191 - INFO - parse_steam - 🏆 Топ-4: Apex Legends - CCU: 124262
2026-07-26 08:23:34,191 - INFO - parse_steam - 🏆 Топ-5: Wallpaper Engine - CCU: 91184
2026-07-26 08:23:34,200 - INFO - views - ✅ Ручное обновление данных завершено успешно
2026-07-26 08:23:34,201 - INFO - log - "POST /parse/ HTTP/1.1" 302 0
2026-07-26 08:23:34,206 - INFO - views - 📊 Запрошена страница со списком игр. Всего игр: 100
2026-07-26 08:23:34,208 - INFO - views - 📄 Отображена страница 1 из 5
2026-07-26 08:23:34,212 - INFO - log - "GET / HTTP/1.1" 200 13567
